050,17,119,Illinois,Madison County,1,0,269282,131578,137704,117848,122353,10003,11399,389,370,1051,1285,73,50,2214,2247,119959,124466,11237,12692,1078,1066,1500,1769,140,121,127766,134203,114466,119257,9867,11277,281,280,1020,1239,53,43,2079,2107,116465,121246,11041,12502,902,915,1432,1688,111,106,3812,3501,3382,3096,136,122,108,90,31,46,20,7,135,140,3494,3220,196,190,176,151,68,81,29,15
050,17,119,Illinois,Madison County,1,1,16307,8346,7961,6817,6528,988,904,27,24,62,85,10,2,442,418,7245,6935,1316,1230,99,81,128,145,23,12,7929,7563,6457,6177,970,889,15,16,60,82,7,1,420,398,6868,6564,1287,1203,74,67,122,140,18,11,417,398,360,351,18,15,12,8,2,3,3,1,22,20,377,371,29,27,25,14,6,5,5,1
050,17,119,Illinois,Madison County,1,2,17065,8853,8212,7451,6975,905,786,25,15,81,85,8,3,383,348,7817,7308,1194,1047,77,65,146,147,21,13,8422,7825,7077,6632,885,778,11,5,81,82,6,3,362,325,7427,6947,1164,1025,55,49,138,137,17,10,431,387,374,343,20,8,14,10,0,3,2,0,21,23,390,361,30,22,22,16,8,10,4,3
050,17,119,Illinois,Madison County,1,3,17167,8896,8271,7502,6938,917,885,22,28,86,88,7,4,362,328,7850,7257,1158,1116,104,95,158,151,16,11,8546,7931,7202,6632,907,875,15,21,79,84,4,4,339,315,7530,6941,1136,1098,87,82,145,144,12,11,350,340,300,306,10,10,7,7,7,4,3,0,23,13,320,316,22,18,17,13,13,7,4,0
050,17,119,Illinois,Madison County,1,4,18360,9344,9016,7966,7573,1058,1102,31,23,67,72,1,5,221,241,8178,7801,1181,1255,94,72,125,133,5,9,8983,8711,7652,7318,1035,1084,20,16,62,66,0,4,214,223,7858,7530,1156,1231,81,56,116,121,3,7,361,305,314,255,23,18,11,7,5,6,1,1,7,18,320,271,25,24,13,16,9,12,2,2
050,17,119,Illinois,Madison County,1,5,19939,9888,10051,8667,8569,882,1158,29,22,139,118,12,2,159,182,8821,8740,940,1245,78,78,198,177,16,2,9493,9731,8317,8293,870,1137,16,18,133,111,8,1,149,171,8462,8453,925,1218,58,69,191,168,12,1,395,320,350,276,12,21,13,4,6,7,4,1,10,11,359,287,15,27,20,9,7,9,4,1
050,17,119,Illinois,Madison County,1,6,17837,8971,8866,8043,7757,693,850,36,42,85,91,3,6,111,120,8149,7862,742,914,82,80,113,126,7,16,8651,8550,7760,7483,686,836,21,28,81,88,3,6,100,109,7855,7578,728,895,63,62,108,120,6,15,320,316,283,274,7,14,15,14,4,3,0,0,11,11,294,284,14,19,19,18,5,6,1,1
050,17,119,Illinois,Madison County,1,7,16290,7975,8315,7132,7282,639,795,31,21,85,108,6,4,82,105,7213,7377,670,842,69,71,100,137,7,8,7747,8060,6932,7058,628,789,20,14,85,104,6,4,76,91,7007,7140,656,829,54,58,100,129,7,8,228,255,200,224,11,6,11,7,0,4,0,0,6,14,206,237,14,13,15,13,0,8,0,0
050,17,119,Illinois,Madison County,1,8,16715,8189,8526,7369,7481,619,807,26,30,86,118,7,4,82,86,7442,7560,655,836,63,68,102,147,12,9,7891,8272,7097,7256,608,802,22,22,85,111,4,2,75,79,7164,7329,641,829,56,56,97,138,8,7,298,254,272,225,11,5,4,8,1,7,3,2,7,7,278,231,14,7,7,12,5,9,4,2
050,17,119,Illinois,Madison County,1,9,17338,8617,8721,7820,7813,615,692,23,25,81,100,2,3,76,88,7891,7893,635,723,68,74,95,121,6,9,8383,8525,7615,7643,604,682,20,22,79,96,1,3,64,79,7676,7715,619,708,58,65,91,116,5,9,234,196,205,170,11,10,3,3,2,4,1,0,12,9,215,178,16,15,10,9,4,5,1,0
050,17,119,Illinois,Madison County,1,10,20357,10050,10307,9297,9340,578,751,37,29,70,100,6,7,62,80,9349,9409,596,773,73,81,87,118,9,11,9834,10121,9100,9169,575,747,30,26,67,99,5,5,57,75,9148,9234,593,768,63,75,82,116,7,8,216,186,197,171,3,4,7,3,3,1,1,2,5,5,201,175,3,5,10,6,5,2,2,3
050,17,119,Illinois,Madison County,1,11,20911,10474,10437,9707,9531,592,713,33,35,63,86,3,1,76,71,9781,9592,604,724,81,85,82,106,4,3,10303,10273,9553,9379,587,710,29,32,62,85,2,1,70,66,9622,9435,598,721,73,78,79,104,3,2,171,164,154,152,5,3,4,3,1,1,1,0,6,5,159,157,6,3,8,7,3,2,1,1
050,17,119,Illinois,Madison County,1,12,17820,8657,9163,8030,8437,509,559,28,34,36,69,1,1,53,63,8080,8489,518,577,67,82,43,80,4,5,8535,9059,7913,8345,507,556,26,26,36,69,1,1,52,62,7963,8397,515,573,65,74,42,79,4,4,122,104,117,92,2,3,2,8,0,0,0,0,1,1,117,92,3,4,2,8,1,1,0,1
050,17,119,Illinois,Madison County,1,13,14748,7061,7687,6606,7108,360,461,18,16,38,68,1,4,38,30,6642,7136,366,467,50,39,40,72,1,6,6985,7599,6534,7028,357,459,17,13,38,67,1,4,38,28,6570,7054,363,464,49,35,40,69,1,6,76,88,72,80,3,2,1,3,0,1,0,0,0,2,72,82,3,3,1,4,0,3,0,0
050,17,119,Illinois,Madison County,1,14,11179,5308,5871,4971,5487,258,299,12,11,38,42,2,3,27,29,4992,5516,268,301,32,36,43,44,3,3,5237,5817,4904,5437,258,297,10,9,38,42,2,3,25,29,4925,5466,266,299,29,34,42,44,3,3,71,54,67,50,0,2,2,2,0,0,0,0,2,0,67,50,2,2,3,2,1,0,0,0
050,17,119,Illinois,Madison County,1,15,8580,3911,4669,3710,4416,157,208,6,7,14,21,3,1,21,16,3731,4432,159,209,21,21,17,22,4,2,3862,4624,3662,4376,157,207,5,5,14,20,3,1,21,15,3683,4391,159,208,20,18,17,21,4,2,49,45,48,40,0,1,1,2,0,1,0,0,0,1,48,41,0,1,1,3,0,1,0,0
050,17,119,Illinois,Madison County,1,16,7246,3063,4183,2918,3983,120,157,2,4,13,19,0,0,10,20,2928,4002,121,159,10,17,15,24,0,2,3027,4144,2884,3946,120,157,2,3,13,18,0,0,8,20,2892,3965,121,159,8,16,14,23,0,2,36,39,34,37,0,0,0,1,0,1,0,0,2,0,36,37,0,0,2,1,1,1,0,0
050,17,119,Illinois,Madison County,1,17,5982,2302,3680,2226,3531,65,121,2,4,2,10,1,0,6,14,2231,3545,66,123,6,13,3,14,2,0,2278,3649,2204,3500,65,121,1,4,2,10,0,0,6,14,2209,3514,66,123,5,13,3,14,1,0,24,31,22,31,0,0,1,0,0,0,1,0,0,0,22,31,0,0,1,0,0,0,1,0
050,17,119,Illinois,Madison County,1,18,5441,1673,3768,1616,3604,48,151,1,0,5,5,0,0,3,8,1619,3612,48,151,4,8,5,5,0,0,1660,3749,1603,3585,48,151,1,0,5,5,0,0,3,8,1606,3593,48,151,4,8,5,5,0,0,13,19,13,19,0,0,0,0,0,0,0,0,0,0,13,19,0,0,0,0,0,0,0,0
050,17,119,Illinois,Madison County,2,0,269328,131584,137744,117853,122391,10003,11401,389,370,1052,1285,73,50,2214,2247,119964,124504,11237,12694,1078,1066,1501,1769,140,121,127772,134242,114471,119294,9867,11279,281,280,1021,1239,53,43,2079,2107,116470,121283,11041,12504,902,915,1433,1688,111,106,3812,3502,3382,3097,136,122,108,90,31,46,20,7,135,140,3494,3221,196,190,176,151,68,81,29,15
050,17,119,Illinois,Madison County,2,1,16306,8345,7961,6816,6528,988,904,27,24,62,85,10,2,442,418,7244,6935,1316,1230,99,81,128,145,23,12,7928,7563,6456,6177,970,889,15,16,60,82,7,1,420,398,6867,6564,1287,1203,74,67,122,140,18,11,417,398,360,351,18,15,12,8,2,3,3,1,22,20,377,371,29,27,25,14,6,5,5,1
050,17,119,Illinois,Madison County,2,2,17062,8851,8211,7449,6974,905,786,25,15,81,85,8,3,383,348,7815,7307,1194,1047,77,65,146,147,21,13,8420,7824,7075,6631,885,778,11,5,81,82,6,3,362,325,7425,6946,1164,1025,55,49,138,137,17,10,431,387,374,343,20,8,14,10,0,3,2,0,21,23,390,361,30,22,22,16,8,10,4,3
050,17,119,Illinois,Madison County,2,3,17166,8896,8270,7502,6937,917,885,22,28,86,88,7,4,362,328,7850,7256,1158,1116,104,95,158,151,16,11,8546,7930,7202,6631,907,875,15,21,79,84,4,4,339,315,7530,6940,1136,1098,87,82,145,144,12,11,350,340,300,306,10,10,7,7,7,4,3,0,23,13,320,316,22,18,17,13,13,7,4,0
050,17,119,Illinois,Madison County,2,4,18360,9344,9016,7966,7573,1058,1102,31,23,67,72,1,5,221,241,8178,7801,1181,1255,94,72,125,133,5,9,8983,8711,7652,7318,1035,1084,20,16,62,66,0,4,214,223,7858,7530,1156,1231,81,56,116,121,3,7,361,305,314,255,23,18,11,7,5,6,1,1,7,18,320,271,25,24,13,16,9,12,2,2
050,17,119,Illinois,Madison County,2,5,19941,9890,10051,8669,8569,882,1158,29,22,139,118,12,2,159,182,8823,8740,940,1245,78,78,198,177,16,2,9495,9731,8319,8293,870,1137,16,18,133,111,8,1,149,171,8464,8453,925,1218,58,69,191,168,12,1,395,320,350,276,12,21,13,4,6,7,4,1,10,11,359,287,15,27,20,9,7,9,4,1
050,17,119,Illinois,Madison County,2,6,17838,8972,8866,8044,7757,693,850,36,42,85,91,3,6,111,120,8150,7862,742,914,82,80,113,126,7,16,8652,8550,7761,7483,686,836,21,28,81,88,3,6,100,109,7856,7578,728,895,63,62,108,120,6,15,320,316,283,274,7,14,15,14,4,3,0,0,11,11,294,284,14,19,19,18,5,6,1,1
050,17,119,Illinois,Madison County,2,7,16289,7975,8314,7132,7281,639,795,31,21,85,108,6,4,82,105,7213,7376,670,842,69,71,100,137,7,8,7747,8059,6932,7057,628,789,20,14,85,104,6,4,76,91,7007,7139,656,829,54,58,100,129,7,8,228,255,200,224,11,6,11,7,0,4,0,0,6,14,206,237,14,13,15,13,0,8,0,0
050,17,119,Illinois,Madison County,2,8,16716,8190,8526,7370,7481,619,807,26,30,86,118,7,4,82,86,7443,7560,655,836,63,68,102,147,12,9,7892,8272,7098,7256,608,802,22,22,85,111,4,2,75,79,7165,7329,641,829,56,56,97,138,8,7,298,254,272,225,11,5,4,8,1,7,3,2,7,7,278,231,14,7,7,12,5,9,4,2
050,17,119,Illinois,Madison County,2,9,17338,8617,8721,7820,7813,615,692,23,25,81,100,2,3,76,88,7891,7893,635,723,68,74,95,121,6,9,8383,8525,7615,7643,604,682,20,22,79,96,1,3,64,79,7676,7715,619,708,58,65,91,116,5,9,234,196,205,170,11,10,3,3,2,4,1,0,12,9,215,178,16,15,10,9,4,5,1,0
050,17,119,Illinois,Madison County,2,10,20358,10051,10307,9298,9340,578,751,37,29,70,100,6,7,62,80,9350,9409,596,773,73,81,87,118,9,11,9835,10121,9101,9169,575,747,30,26,67,99,5,5,57,75,9149,9234,593,768,63,75,82,116,7,8,216,186,197,171,3,4,7,3,3,1,1,2,5,5,201,175,3,5,10,6,5,2,2,3
050,17,119,Illinois,Madison County,2,11,20912,10475,10437,9708,9531,592,713,33,35,63,86,3,1,76,71,9782,9592,604,724,81,85,82,106,4,3,10304,10273,9554,9379,587,710,29,32,62,85,2,1,70,66,9623,9435,598,721,73,78,79,104,3,2,171,164,154,152,5,3,4,3,1,1,1,0,6,5,159,157,6,3,8,7,3,2,1,1
050,17,119,Illinois,Madison County,2,12,17821,8658,9163,8031,8437,509,559,28,34,36,69,1,1,53,63,8081,8489,518,577,67,82,43,80,4,5,8536,9059,7914,8345,507,556,26,26,36,69,1,1,52,62,7964,8397,515,573,65,74,42,79,4,4,122,104,117,92,2,3,2,8,0,0,0,0,1,1,117,92,3,4,2,8,1,1,0,1
050,17,119,Illinois,Madison County,2,13,14749,7062,7687,6607,7108,360,461,18,16,38,68,1,4,38,30,6643,7136,366,467,50,39,40,72,1,6,6986,7599,6535,7028,357,459,17,13,38,67,1,4,38,28,6571,7054,363,464,49,35,40,69,1,6,76,88,72,80,3,2,1,3,0,1,0,0,0,2,72,82,3,3,1,4,0,3,0,0
050,17,119,Illinois,Madison County,2,14,11182,5308,5874,4971,5490,258,299,12,11,38,42,2,3,27,29,4992,5519,268,301,32,36,43,44,3,3,5237,5820,4904,5440,258,297,10,9,38,42,2,3,25,29,4925,5469,266,299,29,34,42,44,3,3,71,54,67,50,0,2,2,2,0,0,0,0,2,0,67,50,2,2,3,2,1,0,0,0
050,17,119,Illinois,Madison County,2,15,8584,3911,4673,3710,4419,157,209,6,7,14,21,3,1,21,16,3731,4435,159,210,21,21,17,22,4,2,3862,4627,3662,4378,157,208,5,5,14,20,3,1,21,15,3683,4393,159,209,20,18,17,21,4,2,49,46,48,41,0,1,1,2,0,1,0,0,0,1,48,42,0,1,1,3,0,1,0,0
050,17,119,Illinois,Madison County,2,16,7253,3064,4189,2918,3989,120,157,2,4,14,19,0,0,10,20,2928,4008,121,159,10,17,16,24,0,2,3028,4150,2884,3952,120,157,2,3,14,18,0,0,8,20,2892,3971,121,159,8,16,15,23,0,2,36,39,34,37,0,0,0,1,0,1,0,0,2,0,36,37,0,0,2,1,1,1,0,0
050,17,119,Illinois,Madison County,2,17,5989,2302,3687,2226,3538,65,121,2,4,2,10,1,0,6,14,2231,3552,66,123,6,13,3,14,2,0,2278,3656,2204,3507,65,121,1,4,2,10,0,0,6,14,2209,3521,66,123,5,13,3,14,1,0,24,31,22,31,0,0,1,0,0,0,1,0,0,0,22,31,0,0,1,0,0,0,1,0
050,17,119,Illinois,Madison County,2,18,5464,1673,3791,1616,3626,48,152,1,0,5,5,0,0,3,8,1619,3634,48,152,4,8,5,5,0,0,1660,3772,1603,3607,48,152,1,0,5,5,0,0,3,8,1606,3615,48,152,4,8,5,5,0,0,13,19,13,19,0,0,0,0,0,0,0,0,0,0,13,19,0,0,0,0,0,0,0,0
050,17,119,Illinois,Madison County,3,0,269341,131593,137748,117820,122333,10007,11412,405,375,1058,1296,76,53,2227,2279,119928,124478,11289,12747,999,1010,1621,1862,150,146,127747,134212,114426,119222,9866,11286,291,277,1024,1248,54,46,2086,2133,116402,121230,11078,12544,810,841,1563,1790,118,130,3846,3536,3394,3111,141,126,114,98,34,48,22,7,141,146,3526,3248,211,203,189,169,58,72,32,16
050,17,119,Illinois,Madison County,3,1,16285,8330,7955,6800,6514,982,900,29,24,67,89,10,2,442,426,7228,6933,1293,1195,78,72,176,201,21,10,7912,7553,6439,6160,963,885,17,16,65,86,7,1,421,405,6848,6558,1259,1169,58,57,171,195,16,9,418,402,361,354,19,15,12,8,2,3,3,1,21,21,380,375,34,26,20,15,5,6,5,1
050,17,119,Illinois,Madison County,3,2,17001,8829,8172,7415,6926,910,789,29,15,82,88,9,3,384,351,7786,7265,1171,1032,82,61,177,183,15,12,8392,7786,7041,6582,889,781,13,5,82,85,6,3,361,330,7390,6901,1138,1012,57,43,172,173,10,10,437,386,374,344,21,8,16,10,0,3,3,0,23,21,396,364,33,20,25,18,5,10,5,2
050,17,119,Illinois,Madison County,3,3,17146,8890,8256,7500,6935,913,873,23,28,84,89,8,4,362,327,7850,7251,1157,1090,88,89,160,159,14,9,8532,7909,7195,6627,901,861,15,20,76,85,5,4,340,312,7524,6928,1133,1072,71,73,149,153,11,9,358,347,305,308,12,12,8,8,8,4,3,0,22,15,326,323,24,18,17,16,11,6,3,0
050,17,119,Illinois,Madison County,3,4,18092,9222,8870,7834,7426,1054,1096,32,25,73,71,1,5,228,247,8053,7659,1201,1257,85,90,123,123,4,11,8864,8561,7525,7168,1032,1078,21,16,67,66,0,4,219,229,7735,7386,1175,1229,68,69,117,117,3,10,358,309,309,258,22,18,11,9,6,5,1,1,9,18,318,273,26,28,17,21,6,6,1,1
050,17,119,Illinois,Madison County,3,5,19974,9911,10063,8679,8571,892,1167,33,23,136,116,12,2,159,184,8830,8743,977,1277,81,75,182,160,18,6,9514,9749,8328,8303,878,1146,21,17,130,109,8,1,149,173,8470,8464,960,1249,64,64,173,152,14,5,397,314,351,268,14,21,12,6,6,7,4,1,10,11,360,279,17,28,17,11,9,8,4,1
050,17,119,Illinois,Madison County,3,6,17942,9004,8938,8083,7819,693,856,38,42,81,90,2,5,107,126,8184,7936,747,924,70,83,114,122,9,14,8683,8616,7800,7542,687,841,21,28,77,87,2,5,96,113,7892,7649,735,904,46,60,105,118,7,12,321,322,283,277,6,15,17,14,4,3,0,0,11,13,292,287,12,20,24,23,9,4,2,2
050,17,119,Illinois,Madison County,3,7,16398,8019,8379,7177,7334,638,801,33,23,81,108,7,7,83,106,7255,7434,675,857,60,58,105,136,13,15,7784,8120,6971,7107,628,796,21,15,81,103,7,7,76,92,7042,7193,661,843,45,43,103,129,12,14,235,259,206,227,10,5,12,8,0,5,0,0,7,14,213,241,14,14,15,15,2,7,1,1
050,17,119,Illinois,Madison County,3,8,16598,8141,8457,7309,7405,621,810,29,30,88,120,9,4,85,88,7387,7483,655,850,67,63,114,147,13,11,7841,8202,7040,7183,609,803,23,22,87,112,5,2,77,80,7110,7254,641,840,55,51,112,137,7,8,300,255,269,222,12,7,6,8,1,8,4,2,8,8,277,229,14,10,12,12,2,10,6,3
050,17,119,Illinois,Madison County,3,9,17298,8590,8708,7796,7797,613,693,22,24,80,103,2,3,77,88,7861,7873,643,728,63,66,99,129,7,12,8351,8507,7588,7623,601,684,19,21,78,98,1,3,64,78,7642,7690,625,715,49,57,97,121,6,10,239,201,208,174,12,9,3,3,2,5,1,0,13,10,219,183,18,13,14,9,2,8,1,2
050,17,119,Illinois,Madison County,3,10,20234,9990,10244,9237,9285,583,748,34,28,71,98,5,6,60,79,9291,9356,600,774,70,72,88,118,8,13,9776,10058,9042,9116,579,744,28,24,68,97,4,4,55,73,9091,9181,595,767,60,67,85,116,7,10,214,186,195,169,4,4,6,4,3,1,1,2,5,6,200,175,5,7,10,5,3,2,1,3
050,17,119,Illinois,Madison County,3,11,20925,10464,10461,9699,9545,585,717,34,36,65,87,3,2,78,74,9773,9612,608,742,84,80,87,106,4,6,10291,10292,9544,9390,580,713,30,32,63,86,2,2,72,69,9612,9452,601,735,76,74,85,105,3,6,173,169,155,155,5,4,4,4,2,1,1,0,6,5,161,160,7,7,8,6,2,1,1,0
050,17,119,Illinois,Madison County,3,12,18003,8762,9241,8136,8506,508,565,28,34,37,70,1,1,52,65,8181,8563,520,589,56,76,53,84,5,3,8637,9133,8016,8410,507,562,26,26,37,70,1,1,50,64,8059,8466,518,585,54,67,52,83,5,3,125,108,120,96,1,3,2,8,0,0,0,0,2,1,122,97,2,4,2,9,1,1,0,0
050,17,119,Illinois,Madison County,3,13,14892,7130,7762,6672,7183,364,460,17,17,37,67,1,5,39,30,6705,7209,373,472,44,38,50,72,4,7,7050,7674,6596,7103,361,458,16,14,37,66,1,5,39,28,6629,7127,370,468,43,34,50,71,4,7,80,88,76,80,3,2,1,3,0,1,0,0,0,2,76,82,3,4,1,4,0,1,0,0
050,17,119,Illinois,Madison County,3,14,11216,5328,5888,4990,5502,257,303,12,11,39,41,2,3,28,28,5010,5526,266,311,29,32,50,46,7,5,5259,5833,4925,5451,257,301,10,9,39,41,2,3,26,28,4943,5475,264,309,26,30,49,46,6,5,69,55,65,51,0,2,2,2,0,0,0,0,2,0,67,51,2,2,3,2,1,0,1,0
050,17,119,Illinois,Madison County,3,15,8620,3917,4703,3711,4443,158,210,7,8,16,23,3,1,22,18,3733,4457,161,213,23,19,20,28,4,4,3869,4657,3664,4402,158,209,6,6,16,22,3,1,22,17,3686,4415,161,211,22,17,20,27,4,4,48,46,47,41,0,1,1,2,0,1,0,0,0,1,47,42,0,2,1,2,0,1,0,0
050,17,119,Illinois,Madison County,3,16,7199,3050,4149,2904,3952,121,158,2,3,14,18,0,0,9,18,2912,3967,125,164,8,15,14,21,1,3,3014,4110,2870,3915,121,158,2,2,14,17,0,0,7,18,2876,3930,125,164,6,14,14,20,1,3,36,39,34,37,0,0,0,1,0,1,0,0,2,0,36,37,0,0,2,1,0,1,0,0
050,17,119,Illinois,Madison County,3,17,5998,2309,3689,2230,3538,66,120,2,4,2,12,1,0,8,15,2238,3552,67,122,8,14,3,17,2,2,2284,3658,2207,3507,66,120,1,4,2,12,0,0,8,15,2215,3521,67,122,7,14,3,17,1,2,25,31,23,31,0,0,1,0,0,0,1,0,0,0,23,31,0,0,1,0,0,0,1,0
050,17,119,Illinois,Madison County,3,18,5520,1707,3813,1648,3652,49,146,1,0,5,6,0,0,4,9,1651,3659,50,150,3,7,6,10,1,3,1694,3794,1635,3633,49,146,1,0,5,6,0,0,4,9,1638,3640,50,150,3,7,6,10,1,3,13,19,13,19,0,0,0,0,0,0,0,0,0,0,13,19,0,0,0,0,0,0,0,0
050,17,119,Illinois,Madison County,4,0,268500,131179,137321,117391,121831,9961,11423,381,381,1075,1319,81,55,2290,2312,119547,124002,11303,12784,996,1004,1644,1877,149,126,127175,133703,113852,118649,9827,11294,267,277,1039,1271,57,47,2133,2165,115861,120681,11093,12588,792,826,1591,1812,114,113,4004,3618,3539,3182,134,129,114,104,36,48,24,8,157,147,3686,3321,210,196,204,178,53,65,35,13
050,17,119,Illinois,Madison County,4,1,16232,8376,7856,6821,6464,981,849,31,24,83,100,10,3,450,416,7261,6872,1295,1142,85,73,197,205,15,8,7942,7475,6446,6127,964,831,20,21,77,96,9,2,426,398,6862,6518,1263,1114,64,62,188,199,13,7,434,381,375,337,17,18,11,3,6,4,1,1,24,18,399,354,32,28,21,11,9,6,2,1
050,17,119,Illinois,Madison County,4,2,16750,8697,8053,7251,6741,925,831,31,15,80,101,12,3,398,362,7635,7092,1205,1077,84,66,173,185,18,9,8264,7661,6884,6387,910,823,14,5,79,99,8,3,369,344,7240,6720,1171,1062,55,48,171,181,13,8,433,392,367,354,15,8,17,10,1,2,4,0,29,18,395,372,34,15,29,18,2,4,5,1
050,17,119,Illinois,Madison County,4,3,17020,8839,8181,7470,6896,887,827,22,29,78,91,8,3,374,335,7829,7215,1143,1057,92,85,158,166,14,10,8482,7818,7163,6581,876,819,14,16,71,85,5,3,353,314,7503,6881,1121,1037,72,63,149,158,9,10,357,363,307,315,11,8,8,13,7,6,3,0,21,21,326,334,22,20,20,22,9,8,5,0
050,17,119,Illinois,Madison County,4,4,17107,8752,8355,7412,6944,975,1052,32,28,78,64,2,7,253,260,7652,7189,1142,1226,86,86,131,120,9,12,8381,8025,7088,6662,954,1037,21,18,73,60,0,5,245,243,7321,6891,1118,1205,71,66,125,114,5,8,371,330,324,282,21,15,11,10,5,4,2,2,8,17,331,298,24,21,15,20,6,6,4,4
050,17,119,Illinois,Madison County,4,5,19938,9759,10179,8537,8646,931,1221,22,22,119,112,7,1,143,177,8668,8814,1012,1323,59,70,158,154,11,6,9356,9879,8183,8396,913,1197,10,16,114,106,4,0,132,164,8303,8551,990,1292,39,58,152,146,8,5,403,300,354,250,18,24,12,6,5,6,3,1,11,13,365,263,22,31,20,12,6,8,3,1
050,17,119,Illinois,Madison County,4,6,17957,9019,8938,8106,7811,690,885,30,36,86,81,8,3,99,122,8199,7928,742,953,59,72,118,114,14,6,8689,8609,7813,7526,685,868,14,23,82,80,4,3,91,109,7898,7631,733,930,37,52,111,111,8,6,330,329,293,285,5,17,16,13,4,1,4,0,8,13,301,297,9,23,22,20,7,3,6,0
050,17,119,Illinois,Madison County,4,7,16750,8200,8550,7345,7490,637,798,32,26,83,118,6,8,97,110,7435,7593,681,855,72,61,112,149,9,14,7909,8286,7091,7257,626,793,22,17,83,112,6,8,81,99,7167,7350,665,844,51,47,110,142,9,14,291,264,254,233,11,5,10,9,0,6,0,0,16,11,268,243,16,11,21,14,2,7,0,0
050,17,119,Illinois,Madison County,4,8,15982,7835,8147,7032,7101,591,797,27,32,85,118,9,5,91,94,7120,7184,631,840,65,65,114,145,15,10,7525,7896,6756,6890,579,789,18,21,84,109,6,3,82,84,6835,6963,615,828,51,48,112,135,11,8,310,251,276,211,12,8,9,11,1,9,3,2,9,10,285,221,16,12,14,17,2,10,4,2
050,17,119,Illinois,Madison County,4,9,17309,8588,8721,7788,7805,622,688,14,25,83,113,3,3,78,87,7854,7885,649,724,59,65,106,138,8,7,8324,8496,7554,7607,610,680,11,21,81,109,2,3,66,76,7611,7676,635,711,45,54,102,134,6,7,264,225,234,198,12,8,3,4,2,4,1,0,12,11,243,209,14,13,14,11,4,4,2,0
050,17,119,Illinois,Madison County,4,10,19394,9585,9809,8836,8889,582,723,31,27,74,89,4,4,58,77,8887,8956,600,748,64,64,89,113,6,13,9386,9631,8652,8731,579,716,26,23,73,88,3,2,53,71,8698,8793,595,740,55,58,88,110,5,9,199,178,184,158,3,7,5,4,1,1,1,2,5,6,189,163,5,8,9,6,1,3,1,4
050,17,119,Illinois,Madison County,4,11,21020,10462,10558,9689,9620,587,738,37,31,67,85,3,4,79,80,9755,9685,608,767,86,81,88,102,8,7,10282,10378,9528,9453,583,734,33,27,63,83,2,4,73,77,9589,9515,602,762,78,75,84,100,6,7,180,180,161,167,4,4,4,4,4,2,1,0,6,3,166,170,6,5,8,6,4,2,2,0
050,17,119,Illinois,Madison County,4,12,18575,9138,9437,8492,8663,518,590,29,37,46,78,2,1,51,68,8540,8721,529,611,58,81,59,91,7,4,9001,9309,8361,8548,517,588,27,29,46,78,2,1,48,65,8406,8603,526,607,55,72,59,91,7,4,137,128,131,115,1,2,2,8,0,0,0,0,3,3,134,118,3,4,3,9,0,0,0,0
050,17,119,Illinois,Madison County,4,13,15616,7399,8217,6934,7603,376,485,16,22,31,65,1,5,41,37,6970,7634,386,495,41,48,40,74,4,8,7304,8119,6846,7514,372,483,14,18,31,64,1,5,40,35,6881,7544,381,493,39,42,40,72,4,8,95,98,88,89,4,2,2,4,0,1,0,0,1,2,89,90,5,2,2,6,0,2,0,0
050,17,119,Illinois,Madison County,4,14,11340,5397,5943,5056,5551,259,307,12,11,38,43,1,3,31,28,5080,5575,269,316,32,30,46,49,4,8,5329,5882,4991,5494,259,305,11,9,38,43,1,3,29,28,5013,5518,267,314,30,28,46,49,4,8,68,61,65,57,0,2,1,2,0,0,0,0,2,0,67,57,2,2,2,2,0,0,0,0
050,17,119,Illinois,Madison County,4,15,8778,3980,4798,3750,4537,167,208,11,9,22,25,4,2,26,17,3772,4551,174,213,33,21,29,28,5,3,3927,4754,3699,4495,167,208,9,7,22,25,4,2,26,17,3721,4509,174,213,31,19,29,28,5,3,53,44,51,42,0,0,2,2,0,0,0,0,0,0,51,42,0,0,2,2,0,0,0,0
050,17,119,Illinois,Madison County,4,16,7092,3035,4057,2892,3854,120,166,1,1,14,17,0,0,8,19,2899,3870,121,171,6,15,16,21,1,0,2998,4020,2856,3821,120,165,1,1,14,15,0,0,7,18,2862,3836,121,170,5,14,16,19,1,0,37,37,36,33,0,1,0,0,0,2,0,0,1,1,37,34,0,1,1,1,0,2,0,0
050,17,119,Illinois,Madison County,4,17,5964,2314,3650,2235,3500,65,116,2,6,3,14,1,0,8,14,2243,3513,67,120,9,15,4,16,1,1,2290,3616,2214,3467,65,116,1,5,3,14,0,0,7,14,2221,3480,67,120,8,14,3,16,0,1,24,34,21,33,0,0,1,1,0,0,1,0,1,0,22,33,0,0,1,1,1,0,1,0
050,17,119,Illinois,Madison County,4,18,5676,1804,3872,1745,3716,48,142,1,0,5,5,0,0,5,9,1748,3725,49,146,6,6,6,7,0,0,1786,3849,1727,3693,48,142,1,0,5,5,0,0,5,9,1730,3702,49,146,6,6,6,7,0,0,18,23,18,23,0,0,0,0,0,0,0,0,0,0,18,23,0,0,0,0,0,0,0,0
050,17,119,Illinois,Madison County,5,0,268039,130980,137059,117068,121404,9994,11498,394,388,1069,1328,82,55,2373,2386,119325,123671,11377,12910,1001,1021,1656,1918,154,139,126862,133315,113442,118118,9849,11365,272,279,1031,1277,61,46,2207,2230,115538,120238,11155,12695,799,838,1596,1846,128,119,4118,3744,3626,3286,145,133,122,109,38,51,21,9,166,156,3787,3433,222,215,202,183,60,72,26,20
050,17,119,Illinois,Madison County,5,1,16065,8213,7852,6665,6452,964,865,33,25,81,107,11,4,459,399,7113,6843,1284,1147,84,68,190,208,16,13,7763,7487,6282,6132,941,846,23,20,76,101,10,2,431,386,6702,6510,1243,1120,67,58,182,201,15,11,450,365,383,320,23,19,10,5,5,6,1,2,28,13,411,333,41,27,17,10,8,7,1,2
050,17,119,Illinois,Madison County,5,2,16788,8730,8058,7232,6675,970,863,31,15,82,109,13,3,402,393,7623,7061,1246,1130,84,66,183,211,18,12,8275,7653,6841,6311,955,852,13,8,80,107,10,3,376,372,7206,6676,1217,1107,58,51,178,205,14,11,455,405,391,364,15,11,18,7,2,2,3,0,26,21,417,385,29,23,26,15,5,6,4,1
050,17,119,Illinois,Madison County,5,3,16846,8803,8043,7452,6789,876,812,24,25,78,86,10,4,363,327,7800,7105,1123,1036,87,77,156,163,13,11,8425,7684,7122,6477,864,806,15,12,74,80,6,4,344,305,7451,6771,1102,1018,68,56,151,155,9,9,378,359,330,312,12,6,9,13,4,6,4,0,19,22,349,334,21,18,19,21,5,8,4,2
050,17,119,Illinois,Madison County,5,4,16719,8585,8134,7247,6736,950,1018,25,31,76,67,2,7,285,275,7520,6995,1139,1198,89,89,137,126,8,13,8211,7790,6919,6436,934,1006,18,23,69,63,0,5,271,257,7178,6680,1117,1177,74,72,129,118,6,10,374,344,328,300,16,12,7,8,7,4,2,2,14,18,342,315,22,21,15,17,8,8,2,3
050,17,119,Illinois,Madison County,5,5,19286,9414,9872,8183,8359,943,1204,24,21,93,93,3,1,168,194,8341,8545,1041,1318,67,75,140,142,8,6,9036,9542,7851,8080,926,1181,11,14,88,88,3,0,157,179,7998,8251,1019,1289,49,59,131,135,8,5,378,330,332,279,17,23,13,7,5,5,0,1,11,15,343,294,22,29,18,16,9,7,0,1
050,17,119,Illinois,Madison County,5,6,18065,9069,8996,8131,7827,679,920,34,31,98,79,9,2,118,137,8244,7957,739,991,68,68,133,116,15,9,8722,8633,7837,7524,669,897,11,14,93,76,5,2,107,120,7940,7637,725,960,39,43,123,112,9,9,347,363,294,303,10,23,23,17,5,3,4,0,11,17,304,320,14,31,29,25,10,4,6,0
050,17,119,Illinois,Madison County,5,7,17015,8396,8619,7539,7526,653,810,33,36,70,125,3,6,98,116,7634,7633,700,869,67,78,96,155,11,9,8069,8342,7258,7281,639,803,17,25,70,120,3,6,82,107,7338,7380,681,857,41,61,95,149,10,8,327,277,281,245,14,7,16,11,0,5,0,0,16,9,296,253,19,12,26,17,1,6,1,1
050,17,119,Illinois,Madison County,5,8,15575,7605,7970,6822,6976,576,746,24,28,87,118,12,7,84,95,6902,7064,612,795,53,64,113,145,17,10,7316,7743,6561,6784,565,741,21,21,86,110,9,5,74,82,6631,6861,597,782,45,49,110,136,14,7,289,227,261,192,11,5,3,7,1,8,3,2,10,13,271,203,15,13,8,15,3,9,3,3
050,17,119,Illinois,Madison County,5,9,17412,8604,8808,7763,7845,645,730,18,29,91,107,3,2,84,95,7841,7936,673,769,57,71,110,136,9,11,8326,8559,7518,7629,632,721,14,21,87,104,2,2,73,82,7587,7708,655,755,46,55,105,130,8,9,278,249,245,216,13,9,4,8,4,3,1,0,11,13,254,228,18,14,11,16,5,6,1,2
050,17,119,Illinois,Madison County,5,10,18530,9166,9364,8438,8468,560,705,28,25,77,86,2,2,61,78,8495,8541,581,738,65,61,92,106,8,11,8965,9182,8250,8309,558,698,24,20,76,83,1,0,56,72,8302,8376,578,726,57,56,91,103,7,8,201,182,188,159,2,7,4,5,1,3,1,2,5,6,193,165,3,12,8,5,1,3,1,3
050,17,119,Illinois,Madison County,5,11,20864,10356,10508,9572,9591,591,719,41,29,72,88,5,5,75,76,9641,9657,616,745,90,75,89,106,6,9,10179,10338,9415,9431,586,715,37,27,68,86,4,5,69,74,9478,9495,608,739,82,72,85,104,5,8,177,170,157,160,5,4,4,2,4,2,1,0,6,2,163,162,8,6,8,3,4,2,1,1
050,17,119,Illinois,Madison County,5,12,19106,9435,9671,8791,8848,510,633,32,40,48,77,2,2,52,71,8835,8911,523,654,67,87,61,91,4,5,9274,9523,8641,8716,507,630,28,31,48,77,2,2,48,67,8681,8776,519,651,60,75,61,90,4,4,161,148,150,132,3,3,4,9,0,0,0,0,4,4,154,135,4,3,7,12,0,1,0,1
050,17,119,Illinois,Madison County,5,13,15592,7401,8191,6924,7544,391,505,16,25,30,69,0,2,40,46,6958,7583,399,522,41,56,45,79,3,5,7303,8096,6833,7456,388,505,13,21,30,68,0,2,39,44,6866,7494,395,520,38,52,45,77,3,5,98,95,91,88,3,0,3,4,0,1,0,0,1,2,92,89,4,2,3,4,0,2,0,0
050,17,119,Illinois,Madison County,5,14,12285,5823,6462,5462,6045,274,324,16,12,35,51,2,6,34,24,5492,6067,280,331,37,30,43,56,6,8,5761,6385,5402,5974,273,322,16,9,35,50,2,6,33,24,5431,5996,279,329,37,27,42,55,6,8,62,77,60,71,1,2,0,3,0,1,0,0,1,0,61,71,1,2,0,3,1,1,0,0
050,17,119,Illinois,Madison County,5,15,9193,4185,5008,3944,4727,168,225,9,9,29,29,4,2,31,16,3968,4740,173,231,29,19,40,33,8,3,4123,4956,3886,4678,168,224,6,7,29,29,4,2,30,16,3909,4691,173,230,25,17,40,33,7,3,62,52,58,49,0,1,3,2,0,0,0,0,1,0,59,49,0,1,4,2,0,0,1,0
050,17,119,Illinois,Madison County,5,16,7080,3070,4010,2912,3800,130,172,3,1,16,15,0,0,9,22,2919,3819,132,180,6,17,20,20,2,3,3032,3971,2874,3764,130,171,3,1,16,14,0,0,9,21,2881,3782,132,179,6,16,20,19,2,3,38,39,38,36,0,1,0,0,0,1,0,0,0,1,38,37,0,1,0,1,0,1,0,0
050,17,119,Illinois,Madison County,5,17,5789,2266,3523,2186,3386,65,106,1,5,3,15,1,0,10,11,2194,3393,67,111,8,12,5,17,2,1,2245,3489,2169,3354,65,106,0,4,3,14,0,0,8,11,2176,3361,66,111,5,11,5,16,1,1,21,34,17,32,0,0,1,1,0,1,1,0,2,0,18,32,1,0,3,1,0,1,1,0
050,17,119,Illinois,Madison County,5,18,5829,1859,3970,1805,3810,49,141,2,1,3,7,0,0,0,11,1805,3821,49,145,2,8,3,8,0,0,1837,3942,1783,3782,49,141,2,1,3,7,0,0,0,11,1783,3793,49,145,2,8,3,8,0,0,22,28,22,28,0,0,0,0,0,0,0,0,0,0,22,28,0,0,0,0,0,0,0,0
050,17,119,Illinois,Madison County,6,0,267247,130608,136639,116435,120774,10161,11639,399,381,1088,1362,81,61,2444,2422,118760,123061,11607,13097,1007,1008,1698,1960,159,137,126387,132778,112723,117376,10007,11493,279,272,1047,1312,60,52,2271,2273,114884,119526,11370,12874,799,832,1630,1890,133,119,4221,3861,3712,3398,154,146,120,109,41,50,21,9,173,149,3876,3535,237,223,208,176,68,70,26,18
050,17,119,Illinois,Madison County,6,1,15809,8113,7696,6581,6287,957,877,39,23,84,116,10,5,442,388,7015,6668,1264,1146,89,65,198,219,21,14,7654,7342,6194,5982,931,854,27,18,78,109,10,3,414,376,6601,6351,1221,1117,68,57,186,211,20,10,459,354,387,305,26,23,12,5,6,7,0,2,28,12,414,317,43,29,21,8,12,8,1,4
050,17,119,Illinois,Madison County,6,2,16699,8622,8077,7050,6672,1000,889,29,17,86,109,16,3,441,387,7477,7048,1309,1158,88,64,195,203,24,11,8153,7650,6647,6286,982,876,15,12,84,106,12,3,413,367,7048,6643,1274,1135,64,53,190,197,20,9,469,427,403,386,18,13,14,5,2,3,4,0,28,20,429,405,35,23,24,11,5,6,4,2
050,17,119,Illinois,Madison County,6,3,16848,8791,8057,7424,6775,887,841,25,21,83,88,9,3,363,329,7774,7097,1138,1068,81,75,167,165,15,11,8395,7677,7077,6445,877,832,14,10,81,84,6,3,340,303,7405,6743,1115,1045,62,54,161,156,12,10,396,380,347,330,10,9,11,11,2,4,3,0,23,26,369,354,23,23,19,21,6,9,3,1
050,17,119,Illinois,Madison County,6,4,16441,8472,7969,7103,6609,956,972,24,22,68,75,4,8,317,283,7408,6876,1171,1164,92,79,137,130,12,13,8101,7631,6785,6307,940,963,17,16,60,71,1,7,298,267,7072,6559,1145,1147,75,65,127,125,8,11,371,338,318,302,16,9,7,6,8,4,3,1,19,16,336,317,26,17,17,14,10,5,4,2
050,17,119,Illinois,Madison County,6,5,18546,9110,9436,7824,7929,990,1212,28,24,97,68,2,5,169,198,7987,8114,1091,1335,70,77,137,110,3,12,8736,9073,7501,7628,970,1185,14,13,89,63,2,3,160,181,7655,7798,1067,1298,52,56,127,104,3,9,374,363,323,301,20,27,14,11,8,5,0,2,9,17,332,316,24,37,18,21,10,6,0,3
050,17,119,Illinois,Madison County,6,6,18135,9099,9036,8145,7859,732,920,24,28,83,84,6,1,109,144,8245,7994,793,1002,58,66,113,127,12,6,8729,8693,7823,7564,717,901,8,15,79,81,2,1,100,131,7917,7688,773,975,34,46,106,122,6,6,370,343,322,295,15,19,16,13,4,3,4,0,9,13,328,306,20,27,24,20,7,5,6,0
050,17,119,Illinois,Madison County,6,7,17150,8476,8674,7610,7531,654,862,36,39,71,116,3,6,102,120,7701,7641,701,928,71,74,99,150,10,12,8145,8381,7324,7277,646,851,17,25,70,111,3,6,85,111,7399,7379,686,912,41,56,97,144,10,12,331,293,286,254,8,11,19,14,1,5,0,0,17,9,302,262,15,16,30,18,2,6,0,0
050,17,119,Illinois,Madison County,6,8,15630,7606,8024,6830,7022,569,730,25,29,89,125,10,7,83,111,6909,7127,607,785,58,68,110,153,16,10,7311,7760,6563,6792,555,724,21,22,88,120,8,6,76,96,6635,6883,591,773,49,53,107,146,13,9,295,264,267,230,14,6,4,7,1,5,2,1,7,15,274,244,16,12,9,15,3,7,3,1
050,17,119,Illinois,Madison County,6,9,17162,8426,8736,7588,7726,635,767,17,28,96,120,4,3,86,92,7670,7814,667,809,58,69,123,144,8,6,8147,8491,7341,7513,623,757,13,19,93,115,3,2,74,85,7411,7594,652,796,45,55,118,139,7,5,279,245,247,213,12,10,4,9,3,5,1,1,12,7,259,220,15,13,13,14,5,5,1,1
050,17,119,Illinois,Madison County,6,10,17807,8858,8949,8105,8068,576,683,29,25,77,93,1,1,70,79,8168,8137,594,715,67,62,97,119,5,7,8651,8744,7914,7886,573,676,25,20,76,89,0,0,63,73,7970,7950,591,706,58,56,94,113,4,4,207,205,191,182,3,7,4,5,1,4,1,1,7,6,198,187,3,9,9,6,3,6,1,3
050,17,119,Illinois,Madison County,6,11,20468,10175,10293,9425,9371,558,725,44,27,77,83,7,6,64,81,9482,9442,576,756,86,78,91,102,9,8,9991,10131,9259,9219,555,722,40,24,73,82,5,5,59,79,9311,9288,573,752,77,74,87,101,7,7,184,162,166,152,3,3,4,3,4,1,2,1,5,2,171,154,3,4,9,4,4,1,2,1
050,17,119,Illinois,Madison County,6,12,19637,9701,9936,9025,9082,534,656,25,40,51,82,2,2,64,74,9083,9145,552,681,59,88,68,103,7,5,9527,9786,8866,8950,529,651,21,31,50,81,2,2,59,71,8919,9010,543,675,54,76,67,102,7,5,174,150,159,132,5,5,4,9,1,1,0,0,5,3,164,135,9,6,5,12,1,1,0,0
050,17,119,Illinois,Madison County,6,13,15947,7578,8369,7061,7715,419,496,18,26,33,79,0,1,47,52,7103,7756,427,518,46,57,45,90,4,4,7478,8271,6967,7624,416,496,16,22,33,78,0,1,46,50,7008,7664,424,516,43,53,45,88,4,4,100,98,94,91,3,0,2,4,0,1,0,0,1,2,95,92,3,2,3,4,0,2,0,0
050,17,119,Illinois,Madison County,6,14,12557,5939,6618,5590,6173,268,357,20,13,28,46,2,7,31,22,5615,6190,278,362,38,28,36,53,4,8,5875,6540,5529,6100,267,355,19,10,28,46,2,7,30,22,5553,6117,277,360,36,25,36,53,4,8,64,78,61,73,1,2,1,3,0,0,0,0,1,0,62,73,1,2,2,3,0,0,0,0
050,17,119,Illinois,Madison County,6,15,9612,4355,5257,4095,4946,183,240,10,12,35,35,2,2,30,22,4123,4968,191,245,27,26,40,40,4,4,4287,5199,4031,4892,183,239,7,9,35,35,2,2,29,22,4058,4914,190,244,24,23,40,40,4,4,68,58,64,54,0,1,3,3,0,0,0,0,1,0,65,54,1,1,3,3,0,0,0,0
050,17,119,Illinois,Madison County,6,16,7125,3132,3993,2964,3791,128,165,3,1,21,17,2,0,14,19,2976,3808,131,170,10,15,28,23,2,3,3096,3960,2928,3761,128,164,3,1,21,16,2,0,14,18,2940,3777,131,168,10,14,28,21,2,3,36,33,36,30,0,1,0,0,0,1,0,0,0,1,36,31,0,2,0,1,0,2,0,0
050,17,119,Illinois,Madison County,6,17,5705,2258,3447,2172,3302,71,113,0,4,5,16,0,1,10,11,2179,3310,72,119,6,10,9,17,2,2,2234,3409,2149,3266,71,113,0,3,5,15,0,1,9,11,2155,3274,72,119,5,9,9,16,2,2,24,38,23,36,0,0,0,1,0,1,0,0,1,0,24,36,0,0,1,1,0,1,0,0
050,17,119,Illinois,Madison County,6,18,5969,1897,4072,1843,3916,44,134,3,2,4,10,1,0,2,10,1845,3926,45,136,3,7,5,12,1,1,1877,4040,1825,3884,44,134,2,2,4,10,0,0,2,10,1827,3894,45,136,2,7,5,12,0,1,20,32,18,32,0,0,1,0,0,0,1,0,0,0,18,32,0,0,1,0,0,0,1,0
050,17,119,Illinois,Madison County,7,0,266560,130247,136313,115762,120036,10343,11906,419,394,1124,1405,84,65,2515,2507,118143,122409,11840,13403,1049,1024,1749,2013,159,158,125923,132398,111989,116579,10183,11771,284,286,1080,1349,63,56,2324,2357,114192,118814,11580,13189,814,847,1680,1937,128,139,4324,3915,3773,3457,160,135,135,108,44,56,21,9,191,150,3951,3595,260,214,235,177,69,76,31,19
050,17,119,Illinois,Madison County,7,1,15703,8067,7636,6543,6221,957,883,42,22,90,126,10,5,425,379,6955,6597,1256,1152,88,60,197,222,19,20,7596,7287,6147,5920,932,859,28,18,83,119,10,4,396,367,6533,6284,1209,1120,62,54,186,214,17,18,471,349,396,301,25,24,14,4,7,7,0,1,29,12,422,313,47,32,26,6,11,8,2,2
050,17,119,Illinois,Madison County,7,2,16464,8434,8030,6843,6575,1028,939,31,16,70,113,18,6,444,381,7273,6946,1338,1203,89,61,181,206,27,17,7960,7619,6440,6198,1003,925,16,13,68,109,14,5,419,369,6846,6558,1299,1182,65,52,175,200,22,14,474,411,403,377,25,14,15,3,2,4,4,1,25,12,427,388,39,21,24,9,6,6,5,3
050,17,119,Illinois,Madison County,7,3,17001,8856,8145,7403,6840,946,849,26,21,85,83,9,3,387,349,7774,7177,1213,1089,93,74,169,165,13,13,8437,7744,7046,6490,932,841,14,9,83,81,6,3,356,320,7387,6799,1184,1064,67,50,164,160,9,13,419,401,357,350,14,8,12,12,2,2,3,0,31,29,387,378,29,25,26,24,5,5,4,0
050,17,119,Illinois,Madison County,7,4,16256,8438,7818,7061,6470,935,928,26,22,70,88,5,5,341,305,7386,6765,1168,1133,95,83,139,149,9,10,8072,7469,6749,6159,921,922,18,16,61,82,2,5,321,285,7055,6435,1143,1116,76,67,127,142,6,10,366,349,312,311,14,6,8,6,9,6,3,0,20,20,331,330,25,17,19,16,12,7,3,0
050,17,119,Illinois,Madison County,7,5,17539,8630,8909,7360,7389,961,1187,27,31,96,73,1,9,185,220,7538,7596,1071,1326,78,83,142,125,8,14,8264,8563,7040,7096,946,1173,14,17,91,66,1,6,172,205,7205,7289,1051,1304,56,63,134,117,7,10,366,346,320,293,15,14,13,14,5,7,0,3,13,15,333,307,20,22,22,20,8,8,1,4
050,17,119,Illinois,Madison County,7,6,18475,9287,9188,8216,7878,815,1046,25,29,117,89,7,1,107,145,8319,8016,871,1128,56,67,145,127,10,6,8910,8845,7897,7585,796,1025,7,20,112,85,3,1,95,129,7989,7708,846,1099,31,48,138,121,5,6,377,343,319,293,19,21,18,9,5,4,4,0,12,16,330,308,25,29,25,19,7,6,5,0
050,17,119,Illinois,Madison County,7,7,17107,8446,8661,7599,7541,643,848,35,39,67,103,2,5,100,125,7688,7653,690,915,69,77,98,138,8,12,8117,8361,7309,7285,636,834,18,25,65,99,2,5,87,113,7388,7388,679,895,43,56,93,130,6,11,329,300,290,256,7,14,17,14,2,4,0,0,13,12,300,265,11,20,26,21,5,8,2,1
050,17,119,Illinois,Madison County,7,8,15891,7741,8150,6937,7114,588,771,29,28,90,113,7,9,90,115,7017,7223,630,826,59,64,114,145,13,16,7446,7890,6678,6884,576,766,18,19,90,108,6,8,78,105,6746,6983,611,816,42,50,114,139,12,14,295,260,259,230,12,5,11,9,0,5,1,1,12,10,271,240,19,10,17,14,0,6,1,2
050,17,119,Illinois,Madison County,7,9,16760,8174,8586,7348,7532,621,805,27,30,87,126,7,4,84,89,7422,7612,651,844,64,66,115,152,12,12,7904,8335,7114,7311,609,797,20,21,84,120,5,3,72,83,7177,7386,634,834,49,53,110,145,9,10,270,251,234,221,12,8,7,9,3,6,2,1,12,6,245,226,17,10,15,13,5,7,3,2
050,17,119,Illinois,Madison County,7,10,17302,8595,8707,7827,7806,582,685,25,23,86,103,2,1,73,89,7896,7886,604,717,64,65,105,129,4,4,8358,8505,7618,7630,575,677,19,19,82,98,1,0,63,81,7678,7703,593,706,50,58,100,122,3,2,237,202,209,176,7,8,6,4,4,5,1,1,10,8,218,183,11,11,14,7,5,7,1,2
050,17,119,Illinois,Madison County,7,11,19905,9901,10004,9181,9102,529,706,41,27,78,82,7,5,65,82,9242,9173,549,737,81,73,96,101,9,8,9691,9831,8987,8939,526,703,38,24,74,81,5,4,61,80,9044,9008,545,732,75,70,92,100,7,7,210,173,194,163,3,3,3,3,4,1,2,1,4,2,198,165,4,5,6,3,4,1,2,1
050,17,119,Illinois,Madison County,7,12,19947,9851,10096,9138,9232,558,667,25,41,56,83,2,2,72,71,9203,9293,577,690,66,84,76,98,7,6,9690,9933,8990,9086,555,662,22,35,55,81,2,2,66,67,9050,9144,571,684,60,75,75,96,6,5,161,163,148,146,3,5,3,6,1,2,0,0,6,4,153,149,6,6,6,9,1,2,1,1
050,17,119,Illinois,Madison County,7,13,16438,7842,8596,7293,7895,450,529,23,30,27,79,0,1,49,62,7336,7945,466,551,55,68,39,92,3,5,7717,8486,7174,7797,448,528,20,22,27,78,0,1,48,60,7216,7846,464,550,51,60,39,89,3,4,125,110,119,98,2,1,3,8,0,1,0,0,1,2,120,99,2,1,4,8,0,3,0,1
050,17,119,Illinois,Madison County,7,14,13059,6135,6924,5764,6432,282,391,17,14,34,53,1,5,37,29,5795,6458,294,402,39,34,46,59,4,5,6063,6843,5696,6357,280,389,16,11,34,53,1,5,36,28,5726,6382,291,399,38,31,46,59,4,5,72,81,68,75,2,2,1,3,0,0,0,0,1,1,69,76,3,3,1,3,0,0,0,0
050,17,119,Illinois,Madison County,7,15,9812,4476,5336,4197,5003,201,256,13,11,38,40,3,2,24,24,4219,5025,208,262,27,26,45,45,7,4,4409,5275,4133,4945,201,255,11,9,38,40,3,2,23,24,4154,4967,207,261,25,24,45,45,7,4,67,61,64,58,0,1,2,2,0,0,0,0,1,0,65,58,1,1,2,2,0,0,0,0
050,17,119,Illinois,Madison County,7,16,7266,3199,4067,3032,3852,121,173,3,4,18,22,2,1,23,15,3053,3866,125,176,17,14,24,24,4,2,3160,4026,2994,3815,121,172,2,3,18,21,2,1,23,14,3015,3828,125,175,16,12,24,23,4,2,39,41,38,37,0,1,1,1,0,1,0,0,0,1,38,38,0,1,1,2,0,1,0,0
050,17,119,Illinois,Madison County,7,17,5595,2241,3354,2140,3207,81,112,1,3,12,15,0,1,7,16,2146,3221,84,118,4,14,14,20,1,4,2213,3318,2113,3173,81,112,1,2,12,14,0,1,6,16,2118,3187,83,118,4,13,14,19,1,4,28,36,27,34,0,0,0,1,0,1,0,0,1,0,28,34,1,0,0,1,0,1,0,0
050,17,119,Illinois,Madison County,7,18,6040,1934,4106,1880,3947,45,131,3,3,3,14,1,0,2,11,1881,3957,45,134,5,11,4,16,1,0,1916,4068,1864,3909,45,131,2,3,3,14,0,0,2,11,1865,3919,45,134,4,11,4,16,0,0,18,38,16,38,0,0,1,0,0,0,1,0,0,0,16,38,0,0,1,0,0,0,1,0
050,17,163,Illinois,St. Clair County,1,0,270056,129976,140080,87382,90057,38144,44592,398,403,1308,2051,116,128,2628,2849,89729,92559,39661,46269,1030,1184,2129,2917,248,281,125454,135817,83569,86551,37833,44231,272,280,1252,1995,104,113,2424,2647,85735,88873,39259,45822,835,972,2010,2805,219,247,4522,4263,3813,3506,311,361,126,123,56,56,12,15,204,202,3994,3686,402,447,195,212,119,112,29,34
050,17,163,Illinois,St. Clair County,1,1,18398,9432,8966,5295,5057,3479,3280,24,23,100,103,8,8,526,495,5791,5521,3867,3630,77,81,233,249,26,36,8886,8451,4857,4650,3436,3231,12,7,93,96,6,6,482,461,5315,5083,3795,3560,59,54,213,232,19,32,546,515,438,407,43,49,12,16,7,7,2,2,44,34,476,438,72,70,18,27,20,17,7,4
050,17,163,Illinois,St. Clair County,1,2,18671,9577,9094,5564,5113,3473,3392,25,20,77,95,9,9,429,465,5961,5544,3767,3713,75,87,201,220,26,23,9107,8611,5175,4736,3437,3344,11,9,73,86,7,8,404,428,5547,5134,3721,3650,56,65,188,196,21,18,470,483,389,377,36,48,14,11,4,9,2,1,25,37,414,410,46,63,19,22,13,24,5,5
050,17,163,Illinois,St. Clair County,1,3,19182,9636,9546,5488,5366,3620,3650,25,35,96,110,5,11,402,374,5855,5704,3879,3917,92,94,223,210,22,26,9203,9172,5131,5058,3583,3616,19,22,93,107,5,11,372,358,5473,5382,3829,3878,71,75,212,200,20,23,433,374,357,308,37,34,6,13,3,3,0,0,30,16,382,322,50,39,21,19,11,10,2,3
050,17,163,Illinois,St. Clair County,1,4,19754,10111,9643,5699,5253,3950,3934,32,32,106,103,12,12,312,309,5984,5531,4117,4126,102,104,210,195,26,25,9701,9285,5373,4967,3917,3905,18,21,95,97,12,11,286,284,5632,5222,4078,4087,82,84,185,181,25,21,410,358,326,286,33,29,14,11,11,6,0,1,26,25,352,309,39,39,20,20,25,14,1,4
050,17,163,Illinois,St. Clair County,1,5,17426,8601,8825,5416,5219,2856,3271,30,26,103,86,19,15,177,208,5555,5393,2952,3385,74,87,169,168,34,32,8206,8442,5078,4909,2833,3239,15,13,98,81,17,12,165,188,5206,5067,2922,3343,57,65,161,157,30,26,395,383,338,310,23,32,15,13,5,5,2,3,12,20,349,326,30,42,17,22,8,11,4,6
050,17,163,Illinois,St. Clair County,1,6,18105,8871,9234,6059,5825,2505,3063,31,26,110,141,10,4,156,175,6192,5976,2585,3153,75,71,160,214,24,16,8457,8865,5715,5519,2474,3033,18,14,102,138,8,3,140,158,5834,5654,2547,3112,53,51,149,209,21,15,414,369,344,306,31,30,13,12,8,3,2,1,16,17,358,322,38,41,22,20,11,5,3,1
050,17,163,Illinois,St. Clair County,1,7,17073,8126,8947,5652,5610,2209,2959,25,31,105,161,9,11,126,175,5767,5761,2263,3033,62,89,156,227,19,21,7774,8625,5334,5341,2196,2933,18,22,104,160,8,8,114,161,5438,5480,2245,3001,48,73,155,224,17,17,352,322,318,269,13,26,7,9,1,1,1,3,12,14,329,281,18,32,14,16,1,3,2,4
050,17,163,Illinois,St. Clair County,1,8,17358,8299,9059,5589,5551,2425,3127,36,39,116,183,11,9,122,150,5688,5670,2475,3199,80,96,168,243,16,17,7965,8751,5306,5281,2404,3110,28,29,110,179,9,8,108,144,5394,5394,2447,3181,66,81,158,238,14,16,334,308,283,270,21,17,8,10,6,4,2,1,14,6,294,276,28,18,14,15,10,5,2,1
050,17,163,Illinois,St. Clair County,1,9,17859,8552,9307,5903,5942,2437,3055,24,23,113,180,9,7,66,100,5956,6019,2464,3096,57,79,136,210,13,12,8295,9044,5681,5714,2419,3039,18,18,110,176,9,6,58,91,5728,5785,2442,3077,47,69,131,204,13,9,257,263,222,228,18,16,6,5,3,4,0,1,8,9,228,234,22,19,10,10,5,6,0,3
050,17,163,Illinois,St. Clair County,1,10,20764,10144,10620,7372,7250,2556,3053,33,25,88,185,7,8,88,99,7451,7326,2576,3089,77,85,124,211,13,20,9895,10390,7151,7053,2542,3039,24,19,87,181,7,7,84,91,7226,7121,2562,3075,67,74,120,205,12,18,249,230,221,197,14,14,9,6,1,4,0,1,4,8,225,205,14,14,10,11,4,6,1,2
050,17,163,Illinois,St. Clair County,1,11,20542,9883,10659,7314,7402,2368,2942,43,45,79,163,6,16,73,91,7371,7473,2402,2977,85,95,104,192,12,25,9643,10480,7107,7253,2355,2927,33,38,74,161,6,15,68,86,7160,7319,2387,2961,73,84,97,190,12,24,240,179,207,149,13,15,10,7,5,2,0,1,5,5,211,154,15,16,12,11,7,2,0,1
050,17,163,Illinois,St. Clair County,1,12,17521,8369,9152,6177,6322,2044,2558,27,27,66,180,6,6,49,59,6219,6368,2057,2585,60,63,77,194,8,10,8234,9025,6062,6216,2032,2546,22,22,66,178,5,6,47,57,6102,6260,2045,2572,53,57,77,192,7,10,135,127,115,106,12,12,5,5,0,2,1,0,2,2,117,108,12,13,7,6,0,2,1,0
050,17,163,Illinois,St. Clair County,1,13,13593,6508,7085,4940,4996,1447,1871,19,16,58,146,1,4,43,52,4976,5043,1462,1886,44,56,70,150,5,6,6410,6976,4855,4911,1442,1857,15,14,57,142,1,4,40,48,4890,4954,1456,1872,38,50,68,146,4,6,98,109,85,85,5,14,4,2,1,4,0,0,3,4,86,89,6,14,6,6,2,4,1,0
050,17,163,Illinois,St. Clair County,1,14,9779,4537,5242,3397,3745,1072,1358,9,18,36,82,3,3,20,36,3414,3773,1078,1376,26,45,36,88,3,5,4470,5156,3338,3673,1066,1350,8,15,35,80,3,3,20,35,3355,3700,1072,1368,25,41,35,86,3,5,67,86,59,72,6,8,1,3,1,2,0,0,0,1,59,73,6,8,1,4,1,2,0,0
050,17,163,Illinois,St. Clair County,1,15,7473,3214,4259,2503,3167,655,997,10,11,27,58,0,4,19,22,2518,3185,662,1006,25,24,31,64,0,4,3173,4214,2466,3126,653,993,9,11,27,58,0,4,18,22,2480,3144,660,1002,23,24,31,64,0,4,41,45,37,41,2,4,1,0,0,0,0,0,1,0,38,41,2,4,2,0,0,0,0,0
050,17,163,Illinois,St. Clair County,1,16,6486,2683,3803,2151,2903,506,840,1,1,15,45,0,0,10,14,2159,2915,509,846,8,6,18,49,0,2,2644,3754,2117,2863,503,833,1,1,15,45,0,0,8,12,2123,2873,506,838,7,5,17,49,0,2,39,49,34,40,3,7,0,0,0,0,0,0,2,2,36,42,3,8,1,1,1,0,0,0
050,17,163,Illinois,St. Clair County,1,17,5366,2061,3305,1707,2599,333,666,4,4,11,23,1,1,5,12,1711,2609,335,670,8,13,11,24,1,1,2035,3271,1683,2568,332,663,3,4,11,23,1,1,5,12,1687,2578,334,667,7,13,11,24,1,1,26,34,24,31,1,3,1,0,0,0,0,0,0,0,24,31,1,3,1,0,0,0,0,0
050,17,163,Illinois,St. Clair County,1,18,4706,1372,3334,1156,2737,209,576,0,1,2,7,0,0,5,13,1161,2748,211,582,3,9,2,9,0,0,1356,3305,1140,2713,209,573,0,1,2,7,0,0,5,11,1145,2723,211,578,3,7,2,8,0,0,16,29,16,24,0,3,0,0,0,0,0,0,0,2,16,25,0,4,0,2,0,1,0,0
050,17,163,Illinois,St. Clair County,2,0,270063,129980,140083,87386,90060,38144,44592,398,403,1308,2051,116,128,2628,2849,89733,92562,39661,46269,1030,1184,2129,2917,248,281,125458,135820,83573,86554,37833,44231,272,280,1252,1995,104,113,2424,2647,85739,88876,39259,45822,835,972,2010,2805,219,247,4522,4263,3813,3506,311,361,126,123,56,56,12,15,204,202,3994,3686,402,447,195,212,119,112,29,34
050,17,163,Illinois,St. Clair County,2,1,18399,9433,8966,5296,5057,3479,3280,24,23,100,103,8,8,526,495,5792,5521,3867,3630,77,81,233,249,26,36,8887,8451,4858,4650,3436,3231,12,7,93,96,6,6,482,461,5316,5083,3795,3560,59,54,213,232,19,32,546,515,438,407,43,49,12,16,7,7,2,2,44,34,476,438,72,70,18,27,20,17,7,4
050,17,163,Illinois,St. Clair County,2,2,18674,9579,9095,5566,5114,3473,3392,25,20,77,95,9,9,429,465,5963,5545,3767,3713,75,87,201,220,26,23,9109,8612,5177,4737,3437,3344,11,9,73,86,7,8,404,428,5549,5135,3721,3650,56,65,188,196,21,18,470,483,389,377,36,48,14,11,4,9,2,1,25,37,414,410,46,63,19,22,13,24,5,5
050,17,163,Illinois,St. Clair County,2,3,19183,9636,9547,5488,5367,3620,3650,25,35,96,110,5,11,402,374,5855,5705,3879,3917,92,94,223,210,22,26,9203,9173,5131,5059,3583,3616,19,22,93,107,5,11,372,358,5473,5383,3829,3878,71,75,212,200,20,23,433,374,357,308,37,34,6,13,3,3,0,0,30,16,382,322,50,39,21,19,11,10,2,3
050,17,163,Illinois,St. Clair County,2,4,19754,10111,9643,5699,5253,3950,3934,32,32,106,103,12,12,312,309,5984,5531,4117,4126,102,104,210,195,26,25,9701,9285,5373,4967,3917,3905,18,21,95,97,12,11,286,284,5632,5222,4078,4087,82,84,185,181,25,21,410,358,326,286,33,29,14,11,11,6,0,1,26,25,352,309,39,39,20,20,25,14,1,4
050,17,163,Illinois,St. Clair County,2,5,17426,8601,8825,5416,5219,2856,3271,30,26,103,86,19,15,177,208,5555,5393,2952,3385,74,87,169,168,34,32,8206,8442,5078,4909,2833,3239,15,13,98,81,17,12,165,188,5206,5067,2922,3343,57,65,161,157,30,26,395,383,338,310,23,32,15,13,5,5,2,3,12,20,349,326,30,42,17,22,8,11,4,6
050,17,163,Illinois,St. Clair County,2,6,18105,8871,9234,6059,5825,2505,3063,31,26,110,141,10,4,156,175,6192,5976,2585,3153,75,71,160,214,24,16,8457,8865,5715,5519,2474,3033,18,14,102,138,8,3,140,158,5834,5654,2547,3112,53,51,149,209,21,15,414,369,344,306,31,30,13,12,8,3,2,1,16,17,358,322,38,41,22,20,11,5,3,1
050,17,163,Illinois,St. Clair County,2,7,17075,8127,8948,5653,5611,2209,2959,25,31,105,161,9,11,126,175,5768,5762,2263,3033,62,89,156,227,19,21,7775,8626,5335,5342,2196,2933,18,22,104,160,8,8,114,161,5439,5481,2245,3001,48,73,155,224,17,17,352,322,318,269,13,26,7,9,1,1,1,3,12,14,329,281,18,32,14,16,1,3,2,4
050,17,163,Illinois,St. Clair County,2,8,17358,8299,9059,5589,5551,2425,3127,36,39,116,183,11,9,122,150,5688,5670,2475,3199,80,96,168,243,16,17,7965,8751,5306,5281,2404,3110,28,29,110,179,9,8,108,144,5394,5394,2447,3181,66,81,158,238,14,16,334,308,283,270,21,17,8,10,6,4,2,1,14,6,294,276,28,18,14,15,10,5,2,1
050,17,163,Illinois,St. Clair County,2,9,17859,8552,9307,5903,5942,2437,3055,24,23,113,180,9,7,66,100,5956,6019,2464,3096,57,79,136,210,13,12,8295,9044,5681,5714,2419,3039,18,18,110,176,9,6,58,91,5728,5785,2442,3077,47,69,131,204,13,9,257,263,222,228,18,16,6,5,3,4,0,1,8,9,228,234,22,19,10,10,5,6,0,3
050,17,163,Illinois,St. Clair County,2,10,20764,10144,10620,7372,7250,2556,3053,33,25,88,185,7,8,88,99,7451,7326,2576,3089,77,85,124,211,13,20,9895,10390,7151,7053,2542,3039,24,19,87,181,7,7,84,91,7226,7121,2562,3075,67,74,120,205,12,18,249,230,221,197,14,14,9,6,1,4,0,1,4,8,225,205,14,14,10,11,4,6,1,2
050,17,163,Illinois,St. Clair County,2,11,20542,9883,10659,7314,7402,2368,2942,43,45,79,163,6,16,73,91,7371,7473,2402,2977,85,95,104,192,12,25,9643,10480,7107,7253,2355,2927,33,38,74,161,6,15,68,86,7160,7319,2387,2961,73,84,97,190,12,24,240,179,207,149,13,15,10,7,5,2,0,1,5,5,211,154,15,16,12,11,7,2,0,1
050,17,163,Illinois,St. Clair County,2,12,17521,8369,9152,6177,6322,2044,2558,27,27,66,180,6,6,49,59,6219,6368,2057,2585,60,63,77,194,8,10,8234,9025,6062,6216,2032,2546,22,22,66,178,5,6,47,57,6102,6260,2045,2572,53,57,77,192,7,10,135,127,115,106,12,12,5,5,0,2,1,0,2,2,117,108,12,13,7,6,0,2,1,0
050,17,163,Illinois,St. Clair County,2,13,13593,6508,7085,4940,4996,1447,1871,19,16,58,146,1,4,43,52,4976,5043,1462,1886,44,56,70,150,5,6,6410,6976,4855,4911,1442,1857,15,14,57,142,1,4,40,48,4890,4954,1456,1872,38,50,68,146,4,6,98,109,85,85,5,14,4,2,1,4,0,0,3,4,86,89,6,14,6,6,2,4,1,0
050,17,163,Illinois,St. Clair County,2,14,9779,4537,5242,3397,3745,1072,1358,9,18,36,82,3,3,20,36,3414,3773,1078,1376,26,45,36,88,3,5,4470,5156,3338,3673,1066,1350,8,15,35,80,3,3,20,35,3355,3700,1072,1368,25,41,35,86,3,5,67,86,59,72,6,8,1,3,1,2,0,0,0,1,59,73,6,8,1,4,1,2,0,0
050,17,163,Illinois,St. Clair County,2,15,7473,3214,4259,2503,3167,655,997,10,11,27,58,0,4,19,22,2518,3185,662,1006,25,24,31,64,0,4,3173,4214,2466,3126,653,993,9,11,27,58,0,4,18,22,2480,3144,660,1002,23,24,31,64,0,4,41,45,37,41,2,4,1,0,0,0,0,0,1,0,38,41,2,4,2,0,0,0,0,0
050,17,163,Illinois,St. Clair County,2,16,6486,2683,3803,2151,2903,506,840,1,1,15,45,0,0,10,14,2159,2915,509,846,8,6,18,49,0,2,2644,3754,2117,2863,503,833,1,1,15,45,0,0,8,12,2123,2873,506,838,7,5,17,49,0,2,39,49,34,40,3,7,0,0,0,0,0,0,2,2,36,42,3,8,1,1,1,0,0,0
050,17,163,Illinois,St. Clair County,2,17,5366,2061,3305,1707,2599,333,666,4,4,11,23,1,1,5,12,1711,2609,335,670,8,13,11,24,1,1,2035,3271,1683,2568,332,663,3,4,11,23,1,1,5,12,1687,2578,334,667,7,13,11,24,1,1,26,34,24,31,1,3,1,0,0,0,0,0,0,0,24,31,1,3,1,0,0,0,0,0
050,17,163,Illinois,St. Clair County,2,18,4706,1372,3334,1156,2737,209,576,0,1,2,7,0,0,5,13,1161,2748,211,582,3,9,2,9,0,0,1356,3305,1140,2713,209,573,0,1,2,7,0,0,5,11,1145,2723,211,578,3,7,2,8,0,0,16,29,16,24,0,3,0,0,0,0,0,0,0,2,16,25,0,4,0,2,0,1,0,0
050,17,163,Illinois,St. Clair County,3,0,270406,130208,140198,87553,90105,38156,44604,409,409,1315,2073,126,132,2649,2875,89927,92643,39652,46282,1027,1124,2234,3038,247,255,125646,135877,83726,86572,37833,44238,279,279,1254,2007,114,116,2440,2665,85907,88916,39231,45815,807,909,2138,2931,221,230,4562,4321,3827,3533,323,366,130,130,61,66,12,16,209,210,4020,3727,421,467,220,215,96,107,26,25
050,17,163,Illinois,St. Clair County,3,1,18367,9419,8948,5287,5047,3469,3271,24,26,102,100,7,8,530,496,5785,5511,3811,3597,80,77,289,269,19,19,8877,8429,4850,4642,3427,3220,12,9,95,92,5,6,488,460,5307,5071,3745,3526,56,50,274,256,17,15,542,519,437,405,42,51,12,17,7,8,2,2,42,36,478,440,66,71,24,27,15,13,2,4
050,17,163,Illinois,St. Clair County,3,2,18651,9573,9078,5559,5106,3467,3381,26,21,78,97,11,8,432,465,5960,5539,3750,3686,85,80,228,257,24,22,9096,8589,5166,4724,3429,3335,12,9,74,87,9,7,406,427,5543,5122,3698,3618,61,57,222,239,19,19,477,489,393,382,38,46,14,12,4,10,2,1,26,38,417,417,52,68,24,23,6,18,5,3
050,17,163,Illinois,St. Clair County,3,3,19169,9644,9525,5505,5349,3605,3641,26,34,96,110,5,12,407,379,5877,5689,3872,3887,91,91,229,236,18,25,9207,9142,5149,5036,3567,3606,19,21,91,106,5,12,376,361,5491,5361,3818,3845,70,70,219,227,16,24,437,383,356,313,38,35,7,13,5,4,0,0,31,18,386,328,54,42,21,21,10,9,2,1
050,17,163,Illinois,St. Clair County,3,4,19679,10084,9595,5661,5223,3952,3908,33,32,105,103,14,11,319,318,5944,5506,4154,4112,107,98,203,204,30,22,9671,9233,5332,4933,3921,3879,19,22,94,96,14,10,291,293,5590,5193,4111,4070,80,78,186,192,28,19,413,362,329,290,31,29,14,10,11,7,0,1,28,25,354,313,43,42,27,20,17,12,2,3
050,17,163,Illinois,St. Clair County,3,5,17519,8629,8890,5411,5249,2884,3291,35,26,100,92,20,18,179,214,5567,5437,2981,3416,79,78,167,166,27,27,8239,8503,5082,4938,2860,3258,19,12,95,87,18,14,165,194,5226,5107,2949,3373,56,56,161,156,25,23,390,387,329,311,24,33,16,14,5,5,2,4,14,20,341,330,32,43,23,22,6,10,2,4
050,17,163,Illinois,St. Clair County,3,6,18090,8854,9236,6064,5816,2480,3069,29,26,112,147,12,4,157,174,6204,5968,2551,3163,72,74,172,212,23,14,8439,8866,5721,5506,2447,3042,17,14,103,142,10,3,141,159,5846,5643,2514,3130,51,54,159,205,20,13,415,370,343,310,33,27,12,12,9,5,2,1,16,15,358,325,37,33,21,20,13,7,3,1
050,17,163,Illinois,St. Clair County,3,7,17178,8188,8990,5708,5643,2215,2964,25,32,107,164,8,11,125,176,5814,5797,2270,3054,60,86,160,227,16,19,7833,8663,5388,5375,2201,2938,18,21,106,163,7,8,113,158,5485,5512,2250,3022,45,66,158,223,14,15,355,327,320,268,14,26,7,11,1,1,1,3,12,18,329,285,20,32,15,20,2,4,2,4
050,17,163,Illinois,St. Clair County,3,8,17301,8295,9006,5586,5517,2423,3113,38,38,113,182,12,7,123,149,5692,5640,2477,3185,82,91,159,240,22,17,7954,8689,5300,5242,2401,3092,28,28,107,178,10,6,108,143,5392,5361,2451,3162,65,78,151,234,17,15,341,317,286,275,22,21,10,10,6,4,2,1,15,6,300,279,26,23,17,13,8,6,5,2
050,17,163,Illinois,St. Clair County,3,9,17822,8531,9291,5892,5931,2424,3044,25,27,114,179,11,9,65,101,5946,6011,2444,3091,57,71,138,210,18,16,8266,9025,5664,5702,2404,3029,19,21,110,173,11,8,58,92,5712,5775,2422,3071,47,60,133,203,17,15,265,266,228,229,20,15,6,6,4,6,0,1,7,9,234,236,22,20,10,11,5,7,1,1
050,17,163,Illinois,St. Clair County,3,10,20699,10113,10586,7342,7225,2557,3045,31,23,88,183,7,9,88,101,7415,7309,2592,3087,72,79,119,218,11,16,9868,10357,7124,7030,2543,3031,23,17,87,179,7,8,84,92,7193,7106,2576,3070,63,68,117,212,11,15,245,229,218,195,14,14,8,6,1,4,0,1,4,9,222,203,16,17,9,11,2,6,0,1
050,17,163,Illinois,St. Clair County,3,11,20600,9902,10698,7330,7433,2363,2947,42,44,84,168,7,16,76,90,7392,7501,2388,2987,83,96,108,194,13,22,9656,10512,7118,7280,2350,2930,32,37,78,165,7,15,71,85,7176,7343,2374,2968,70,87,101,190,12,21,246,186,212,153,13,17,10,7,6,3,0,1,5,5,216,158,14,19,13,9,7,4,1,1
050,17,163,Illinois,St. Clair County,3,12,17652,8435,9217,6228,6360,2058,2583,30,28,66,178,7,6,46,62,6265,6409,2076,2608,58,64,80,192,9,10,8296,9088,6111,6253,2045,2571,24,22,66,176,6,6,44,60,6146,6300,2061,2595,52,57,80,190,8,10,139,129,117,107,13,12,6,6,0,2,1,0,2,2,119,109,15,13,6,7,0,2,1,0
050,17,163,Illinois,St. Clair County,3,13,13792,6610,7182,5021,5062,1468,1900,20,16,58,149,1,4,42,51,5055,5102,1484,1919,44,42,71,165,6,9,6507,7071,4935,4975,1461,1887,15,14,57,144,1,4,38,47,4965,5011,1475,1904,37,38,69,159,6,9,103,111,86,87,7,13,5,2,1,5,0,0,4,4,90,91,9,15,7,4,2,6,0,0
050,17,163,Illinois,St. Clair County,3,14,9829,4564,5265,3425,3765,1069,1362,10,18,35,83,3,4,22,33,3442,3789,1074,1378,23,38,41,92,7,6,4499,5177,3367,3693,1064,1353,9,14,34,81,3,4,22,32,3384,3716,1069,1369,22,33,40,90,7,6,65,88,58,72,5,9,1,4,1,2,0,0,0,1,58,73,5,9,1,5,1,2,0,0
050,17,163,Illinois,St. Clair County,3,15,7478,3224,4254,2503,3157,666,996,10,12,27,60,0,4,18,25,2520,3180,668,1008,20,27,34,66,0,6,3180,4209,2465,3116,662,992,9,12,27,60,0,4,17,25,2481,3139,664,1004,19,27,33,66,0,6,44,45,38,41,4,4,1,0,0,0,0,0,1,0,39,41,4,4,1,0,1,0,0,0
050,17,163,Illinois,St. Clair County,3,16,6450,2669,3781,2138,2876,504,842,1,2,16,46,0,0,10,15,2148,2886,505,846,5,11,19,53,2,1,2629,3733,2103,2837,501,835,1,2,16,46,0,0,8,13,2111,2845,501,838,5,10,18,53,2,1,40,48,35,39,3,7,0,0,0,0,0,0,2,2,37,41,4,8,0,1,1,0,0,0
050,17,163,Illinois,St. Clair County,3,17,5377,2073,3304,1712,2599,340,664,4,3,11,25,1,1,5,12,1717,2609,342,669,6,12,12,26,1,2,2045,3269,1687,2568,338,660,3,3,11,25,1,1,5,12,1692,2578,340,665,5,12,12,26,1,2,28,35,25,31,2,4,1,0,0,0,0,0,0,0,25,31,2,4,1,0,0,0,0,0
050,17,163,Illinois,St. Clair County,3,18,4753,1401,3352,1181,2747,212,583,0,1,3,7,0,0,5,14,1184,2760,213,589,3,9,5,11,1,2,1384,3322,1164,2722,212,580,0,1,3,7,0,0,5,12,1167,2733,213,585,3,8,5,10,1,2,17,30,17,25,0,3,0,0,0,0,0,0,0,2,17,27,0,4,0,1,0,1,0,0
050,17,163,Illinois,St. Clair County,4,0,270088,130195,139893,87699,89907,37931,44462,409,405,1344,2063,124,125,2688,2931,90100,92514,39475,46187,1029,1139,2269,3025,242,245,125404,135400,83713,86213,37587,44101,267,279,1285,1996,114,110,2438,2701,85884,88616,39008,45703,777,917,2165,2920,218,219,4791,4493,3986,3694,344,361,142,126,59,67,10,15,250,230,4216,3898,467,484,252,222,104,105,24,26
050,17,163,Illinois,St. Clair County,4,1,18161,9354,8807,5324,5018,3354,3188,25,24,116,80,9,7,526,490,5814,5480,3703,3508,85,76,298,249,20,19,8793,8280,4879,4596,3310,3145,14,11,109,71,7,6,474,451,5323,5023,3628,3440,56,52,281,232,16,18,561,527,445,422,44,43,11,13,7,9,2,1,52,39,491,457,75,68,29,24,17,17,4,1
050,17,163,Illinois,St. Clair County,4,2,18410,9426,8984,5513,5090,3353,3296,27,30,79,101,12,6,442,461,5923,5515,3639,3593,84,87,236,260,22,20,8899,8476,5087,4686,3306,3256,13,16,76,93,10,5,407,420,5464,5074,3573,3532,59,60,226,241,19,16,527,508,426,404,47,40,14,14,3,8,2,1,35,41,459,441,66,61,25,27,10,19,3,4
050,17,163,Illinois,St. Clair County,4,3,18985,9599,9386,5492,5280,3547,3577,27,28,105,113,5,12,423,376,5878,5622,3826,3826,93,83,239,237,16,21,9157,8977,5136,4948,3508,3541,15,14,99,109,5,12,394,353,5495,5269,3770,3779,71,62,228,228,13,19,442,409,356,332,39,36,12,14,6,4,0,0,29,23,383,353,56,47,22,21,11,9,3,2
050,17,163,Illinois,St. Clair County,4,4,19115,9885,9230,5502,5031,3895,3726,32,30,98,96,12,11,346,336,5813,5339,4113,3941,109,100,207,198,25,24,9465,8856,5175,4732,3864,3693,20,20,88,90,12,10,306,311,5449,5018,4064,3897,78,77,188,188,22,21,420,374,327,299,31,33,12,10,10,6,0,1,40,25,364,321,49,44,31,23,19,10,3,3
050,17,163,Illinois,St. Clair County,4,5,17701,8741,8960,5456,5239,2973,3351,26,31,101,104,14,12,171,223,5603,5432,3066,3486,69,81,166,181,24,22,8314,8548,5109,4904,2941,3315,10,16,96,101,13,9,145,203,5231,5082,3022,3436,40,55,158,176,21,19,427,412,347,335,32,36,16,15,5,3,1,3,26,20,372,350,44,50,29,26,8,5,3,3
050,17,163,Illinois,St. Clair County,4,6,17950,8762,9188,6051,5795,2422,3052,23,19,112,142,15,7,139,173,6174,5949,2488,3148,56,67,171,206,23,17,8326,8808,5675,5476,2390,3021,9,10,106,133,15,5,131,163,5791,5620,2454,3112,38,53,162,197,23,14,436,380,376,319,32,31,14,9,6,9,0,2,8,10,383,329,34,36,18,14,9,9,0,3
050,17,163,Illinois,St. Clair County,4,7,17520,8373,9147,5897,5800,2211,2973,24,30,105,155,6,10,130,179,6010,5958,2273,3069,65,89,152,210,17,17,7992,8808,5567,5523,2189,2951,13,22,104,154,4,7,115,151,5666,5656,2245,3034,45,68,149,206,15,12,381,339,330,277,22,22,11,8,1,1,2,3,15,28,344,302,28,35,20,21,3,4,2,5
050,17,163,Illinois,St. Clair County,4,8,16881,8143,8738,5463,5341,2384,3031,39,32,114,171,9,6,134,157,5581,5475,2443,3112,88,87,159,228,17,15,7792,8408,5165,5054,2365,3009,30,24,108,167,8,5,116,149,5265,5181,2418,3086,67,74,150,224,16,14,351,330,298,287,19,22,9,8,6,4,1,1,18,8,316,294,25,26,21,13,9,4,1,1
050,17,163,Illinois,St. Clair County,4,9,17592,8385,9207,5775,5839,2383,3044,29,36,119,175,14,9,65,104,5832,5927,2410,3099,57,80,144,215,19,14,8106,8945,5531,5618,2368,3029,20,25,114,169,13,8,60,96,5584,5698,2392,3081,46,64,139,209,17,12,279,262,244,221,15,15,9,11,5,6,1,1,5,8,248,229,18,18,11,16,5,6,2,2
050,17,163,Illinois,St. Clair County,4,10,20056,9762,10294,7053,6950,2500,3021,35,22,84,188,8,9,82,104,7120,7032,2529,3068,75,75,112,219,17,15,9513,10052,6834,6744,2488,3007,26,16,82,183,8,8,75,94,6894,6817,2515,3049,63,64,108,213,16,14,249,242,219,206,12,14,9,6,2,5,0,1,7,10,226,215,14,19,12,11,4,6,1,1
050,17,163,Illinois,St. Clair County,4,11,20750,9957,10793,7399,7509,2342,2960,39,36,91,172,6,16,80,100,7464,7587,2371,3002,81,96,117,200,10,21,9703,10600,7180,7348,2327,2943,30,30,86,169,6,15,74,95,7240,7423,2353,2982,70,88,111,195,9,20,254,193,219,161,15,17,9,6,5,3,0,1,6,5,224,164,18,20,11,8,6,5,1,1
050,17,163,Illinois,St. Clair County,4,12,18157,8656,9501,6383,6556,2116,2671,38,34,67,167,8,6,44,67,6417,6610,2128,2697,64,70,83,182,13,12,8503,9367,6255,6444,2102,2659,30,28,66,166,7,6,43,64,6288,6495,2114,2683,55,63,82,181,12,12,153,134,128,112,14,12,8,6,1,1,1,0,1,3,129,115,14,14,9,7,1,1,1,0
050,17,163,Illinois,St. Clair County,4,13,14683,7050,7633,5356,5354,1580,2056,17,15,55,154,2,4,40,50,5382,5396,1597,2076,37,45,67,167,7,6,6945,7515,5267,5255,1573,2045,13,15,54,149,2,4,36,47,5291,5294,1587,2064,30,44,66,161,7,6,105,118,89,99,7,11,4,0,1,5,0,0,4,3,91,102,10,12,7,1,1,6,0,0
050,17,163,Illinois,St. Clair County,4,14,10119,4705,5414,3530,3871,1093,1398,12,16,39,91,2,4,29,34,3553,3896,1099,1416,31,40,50,97,6,6,4631,5324,3464,3801,1089,1388,10,11,38,89,2,4,28,31,3486,3823,1095,1404,28,33,49,95,6,6,74,90,66,70,4,10,2,5,1,2,0,0,1,3,67,73,4,12,3,7,1,2,0,0
050,17,163,Illinois,St. Clair County,4,15,7482,3253,4229,2509,3102,690,1014,9,13,29,66,1,5,15,29,2522,3127,694,1023,17,29,33,76,3,8,3210,4178,2472,3058,684,1009,9,12,29,65,1,5,15,29,2485,3083,688,1018,17,28,33,75,3,8,43,51,37,44,6,5,0,1,0,1,0,0,0,0,37,44,6,5,0,1,0,1,0,0
050,17,163,Illinois,St. Clair County,4,16,6344,2613,3731,2078,2807,508,852,2,4,13,50,0,0,12,18,2087,2821,512,858,9,14,16,54,1,2,2575,3677,2044,2761,507,846,1,4,13,50,0,0,10,16,2051,2774,510,850,7,13,16,54,1,2,38,54,34,46,1,6,1,0,0,0,0,0,2,2,36,47,2,8,2,1,0,0,0,0
050,17,163,Illinois,St. Clair County,4,17,5316,2067,3249,1693,2560,349,640,5,4,13,30,1,1,6,14,1699,2569,352,645,7,11,14,33,1,5,2037,3211,1669,2527,345,635,4,4,13,30,1,1,5,14,1674,2536,348,640,5,11,14,33,1,5,30,38,24,33,4,5,1,0,0,0,0,0,1,0,25,33,4,5,2,0,0,0,0,0
050,17,163,Illinois,St. Clair County,4,18,4866,1464,3402,1225,2765,231,612,0,1,4,8,0,0,4,16,1228,2779,232,620,2,9,5,13,1,1,1443,3370,1204,2738,231,609,0,1,4,8,0,0,4,14,1207,2750,232,616,2,8,5,12,1,1,21,32,21,27,0,3,0,0,0,0,0,0,0,2,21,29,0,4,0,1,0,1,0,0
050,17,163,Illinois,St. Clair County,5,0,268785,129691,139094,87262,89316,37767,44152,413,395,1369,2089,123,130,2757,3012,89711,91984,39372,45916,1015,1134,2327,3072,239,251,124802,134479,83163,85492,37427,43798,277,278,1310,2023,110,114,2515,2774,85398,87946,38901,45439,784,913,2222,2964,211,225,4889,4615,4099,3824,340,354,136,117,59,66,13,16,242,238,4313,4038,471,477,231,221,105,108,28,26
050,17,163,Illinois,St. Clair County,5,1,17704,9140,8564,5252,4917,3203,3059,28,25,121,73,11,8,525,482,5739,5363,3551,3378,86,80,306,234,24,18,8589,8054,4822,4501,3153,3019,17,17,114,65,10,7,473,445,5263,4914,3469,3316,60,60,288,219,21,16,551,510,430,416,50,40,11,8,7,8,1,1,52,37,476,449,82,62,26,20,18,15,3,2
050,17,163,Illinois,St. Clair County,5,2,18314,9377,8937,5423,5110,3374,3213,27,32,91,110,10,7,452,465,5838,5547,3671,3516,80,89,249,270,20,14,8828,8405,4971,4677,3324,3172,17,18,85,102,8,6,423,430,5361,5081,3602,3456,61,62,237,257,16,12,549,532,452,433,50,41,10,14,6,8,2,1,29,35,477,466,69,60,19,27,12,13,4,2
050,17,163,Illinois,St. Clair County,5,3,18677,9469,9208,5405,5186,3496,3503,31,28,97,95,7,10,433,386,5798,5542,3779,3759,92,87,244,219,19,21,9022,8775,5033,4841,3468,3465,18,14,92,89,6,9,405,357,5401,5173,3735,3702,69,64,232,207,17,17,447,433,372,345,28,38,13,14,5,6,1,1,28,29,397,369,44,57,23,23,12,12,2,4
050,17,163,Illinois,St. Clair County,5,4,18457,9448,9009,5292,4957,3680,3551,31,32,95,95,12,9,338,365,5593,5288,3899,3793,96,107,203,201,23,20,9030,8623,4959,4643,3645,3522,22,22,86,89,12,9,306,338,5234,4951,3848,3750,74,83,187,191,20,20,418,386,333,314,35,29,9,10,9,6,0,0,32,27,359,337,51,43,22,24,16,10,3,0
050,17,163,Illinois,St. Clair County,5,5,17947,8978,8969,5532,5125,3105,3436,21,31,108,118,11,12,201,247,5708,5341,3219,3582,68,94,183,200,22,25,8542,8558,5174,4788,3077,3406,8,17,101,117,9,8,173,222,5328,4983,3177,3539,43,67,170,195,16,18,436,411,358,337,28,30,13,14,7,1,2,4,28,25,380,358,42,43,25,27,13,5,6,7
050,17,163,Illinois,St. Clair County,5,6,17530,8531,8999,5778,5602,2464,3063,23,14,114,138,13,12,139,170,5899,5749,2536,3157,56,55,165,201,19,20,8109,8610,5427,5265,2428,3036,7,10,109,131,11,11,127,157,5537,5399,2494,3123,35,45,159,193,16,19,422,389,351,337,36,27,16,4,5,7,2,1,12,13,362,350,42,34,21,10,6,8,3,1
050,17,163,Illinois,St. Clair County,5,7,17631,8525,9106,5988,5818,2264,2908,19,29,113,166,7,11,134,174,6102,5968,2331,3000,62,78,165,228,17,17,8143,8738,5654,5511,2239,2883,10,19,112,165,5,7,123,153,5759,5642,2301,2965,47,58,163,224,14,13,382,368,334,307,25,25,9,10,1,1,2,4,11,21,343,326,30,35,15,20,2,4,3,4
050,17,163,Illinois,St. Clair County,5,8,16554,7906,8648,5443,5343,2179,2934,38,27,104,170,10,8,132,166,5556,5485,2241,3017,83,80,154,232,19,19,7554,8323,5134,5064,2169,2915,27,19,100,166,9,7,115,152,5230,5193,2224,2991,63,66,148,225,18,17,352,325,309,279,10,19,11,8,4,4,1,1,17,14,326,292,17,26,20,14,6,7,1,2
050,17,163,Illinois,St. Clair County,5,9,17372,8291,9081,5664,5694,2373,3043,34,39,124,178,13,8,83,119,5732,5795,2405,3098,64,87,156,220,18,13,7959,8798,5375,5452,2355,3026,24,29,118,172,12,7,75,112,5435,5547,2383,3080,50,71,150,213,17,12,332,283,289,242,18,17,10,10,6,6,1,1,8,7,297,248,22,18,14,16,6,7,1,1
050,17,163,Illinois,St. Clair County,5,10,19372,9460,9912,6800,6622,2458,2974,30,23,92,182,9,8,71,103,6859,6710,2482,3019,66,74,116,214,14,12,9216,9666,6584,6417,2447,2960,23,16,91,177,9,7,62,89,6634,6491,2467,2999,54,60,113,206,14,11,244,246,216,205,11,14,7,7,1,5,0,1,9,14,225,219,15,20,12,14,3,8,0,1
050,17,163,Illinois,St. Clair County,5,11,20506,9896,10610,7303,7360,2379,2950,44,22,83,168,5,13,82,97,7371,7434,2407,2986,87,76,109,197,11,24,9643,10407,7084,7189,2364,2930,35,17,79,163,5,12,76,96,7146,7262,2388,2966,75,70,104,192,10,23,253,203,219,171,15,20,9,5,4,5,0,1,6,1,225,172,19,20,12,6,5,5,1,1
050,17,163,Illinois,St. Clair County,5,12,18660,8900,9760,6564,6787,2164,2682,40,41,69,166,8,10,55,74,6609,6841,2181,2710,68,83,87,188,14,15,8727,9624,6418,6677,2151,2669,31,34,67,165,7,10,53,69,6461,6727,2168,2697,58,72,84,185,13,15,173,136,146,110,13,13,9,7,2,1,1,0,2,5,148,114,13,13,10,11,3,3,1,0
050,17,163,Illinois,St. Clair County,5,13,14834,7090,7744,5358,5369,1623,2145,17,16,47,167,3,4,42,43,5394,5403,1636,2160,38,38,58,178,9,9,6986,7625,5266,5266,1619,2135,12,16,47,162,3,4,39,42,5299,5299,1630,2150,32,38,58,172,9,9,104,119,92,103,4,10,5,0,0,5,0,0,3,1,95,104,6,10,6,0,0,6,0,0
050,17,163,Illinois,St. Clair County,5,14,10986,5144,5842,3867,4222,1187,1464,13,11,43,96,2,4,32,45,3887,4257,1201,1483,31,39,55,108,6,8,5055,5751,3790,4152,1181,1453,11,6,41,95,2,4,30,41,3808,4183,1195,1471,28,32,52,106,6,7,89,91,77,70,6,11,2,5,2,1,0,0,2,4,79,74,6,12,3,7,3,2,0,1
050,17,163,Illinois,St. Clair County,5,15,7686,3380,4306,2598,3109,723,1083,9,14,35,71,1,4,14,25,2610,3127,728,1093,17,29,39,76,1,7,3335,4249,2559,3061,717,1078,9,13,35,69,1,4,14,24,2571,3078,722,1087,17,28,39,74,1,7,45,57,39,48,6,5,0,1,0,2,0,0,0,1,39,49,6,6,0,1,0,2,0,0
050,17,163,Illinois,St. Clair County,5,16,6329,2598,3731,2052,2805,518,845,3,6,11,51,0,1,14,23,2064,2825,526,853,11,17,13,55,1,5,2562,3679,2019,2759,518,841,2,6,11,51,0,1,12,21,2029,2777,524,847,10,17,13,55,1,5,36,52,33,46,0,4,1,0,0,0,0,0,2,2,35,48,2,6,1,0,0,0,0,0
050,17,163,Illinois,St. Clair County,5,17,5171,1967,3204,1629,2490,313,664,4,3,15,33,0,1,6,13,1634,2498,314,670,8,11,17,36,0,2,1933,3160,1602,2453,308,657,3,3,15,33,0,1,5,13,1606,2461,309,663,6,11,17,36,0,2,34,44,27,37,5,7,1,0,0,0,0,0,1,0,28,37,5,7,2,0,0,0,0,0
050,17,163,Illinois,St. Clair County,5,18,5055,1591,3464,1314,2800,264,635,1,2,7,12,1,0,4,15,1318,2811,265,642,2,10,8,15,2,2,1569,3434,1292,2776,264,631,1,2,7,12,1,0,4,13,1296,2785,265,637,2,9,8,14,2,2,22,30,22,24,0,4,0,0,0,0,0,0,0,2,22,26,0,5,0,1,0,1,0,0
050,17,163,Illinois,St. Clair County,6,0,267065,128845,138220,86820,88661,37208,43789,432,419,1443,2157,133,131,2809,3063,89340,91394,38834,45587,1061,1148,2396,3167,246,256,123817,133471,82617,84769,36852,43405,295,289,1380,2081,120,115,2553,2812,84911,87279,38352,45073,816,920,2285,3048,219,219,5028,4749,4203,3892,356,384,137,130,63,76,13,16,256,251,4429,4115,482,514,245,228,111,119,27,37
050,17,163,Illinois,St. Clair County,6,1,17292,8919,8373,5164,4809,3088,2979,30,29,115,72,15,8,507,476,5639,5254,3416,3289,87,80,289,236,28,21,8374,7873,4751,4400,3035,2940,19,22,108,66,13,7,448,438,5169,4810,3331,3228,58,60,271,226,24,17,545,500,413,409,53,39,11,7,7,6,2,1,59,38,470,444,85,61,29,20,18,10,4,4
050,17,163,Illinois,St. Clair County,6,2,18195,9237,8958,5348,5128,3262,3195,26,29,120,115,9,9,472,482,5784,5575,3572,3510,85,88,284,279,22,22,8675,8415,4887,4691,3208,3156,15,13,113,106,8,8,444,441,5298,5104,3503,3448,64,59,273,260,19,18,562,543,461,437,54,39,11,16,7,9,1,1,28,41,486,471,69,62,21,29,11,19,3,4
050,17,163,Illinois,St. Clair County,6,3,18297,9362,8935,5404,5049,3395,3357,30,38,94,94,9,8,430,389,5799,5406,3674,3608,91,99,240,219,21,24,8895,8470,5008,4698,3366,3309,16,17,90,81,7,7,408,358,5384,5025,3635,3546,69,67,230,202,17,19,467,465,396,351,29,48,14,21,4,13,2,1,22,31,415,381,39,62,22,32,10,17,4,5
050,17,163,Illinois,St. Clair County,6,4,17826,9079,8747,5151,4880,3435,3355,31,34,96,97,8,7,358,374,5476,5220,3668,3601,100,100,207,210,20,19,8659,8344,4817,4555,3401,3319,22,21,89,93,8,7,322,349,5112,4874,3613,3552,79,79,191,201,19,16,420,403,334,325,34,36,9,13,7,4,0,0,36,25,364,346,55,49,21,21,16,9,1,3
050,17,163,Illinois,St. Clair County,6,5,18009,9084,8925,5415,5023,3279,3487,26,21,109,128,20,13,235,253,5619,5242,3417,3641,86,79,182,214,27,22,8649,8506,5061,4675,3245,3454,17,12,101,125,19,9,206,231,5238,4875,3369,3598,62,61,172,204,24,16,435,419,354,348,34,33,9,9,8,3,1,4,29,22,381,367,48,43,24,18,10,10,3,6
050,17,163,Illinois,St. Clair County,6,6,17364,8481,8883,5718,5464,2446,3062,27,27,135,139,13,10,142,181,5842,5621,2521,3166,61,73,190,202,22,19,8037,8505,5349,5154,2410,3030,10,19,128,133,11,9,129,160,5462,5293,2478,3121,37,54,181,193,19,18,444,378,369,310,36,32,17,8,7,6,2,1,13,21,380,328,43,45,24,19,9,9,3,1
050,17,163,Illinois,St. Clair County,6,7,17459,8462,8997,5974,5715,2213,2902,22,34,127,163,7,11,119,172,6077,5867,2273,2995,56,80,171,224,14,19,8078,8616,5638,5396,2191,2877,11,22,125,160,5,8,108,153,5732,5531,2246,2960,38,60,168,217,12,14,384,381,336,319,22,25,11,12,2,3,2,3,11,19,345,336,27,35,18,20,3,7,2,5
050,17,163,Illinois,St. Clair County,6,8,16512,7903,8609,5549,5415,2089,2822,30,23,101,173,9,9,125,167,5658,5561,2150,2905,71,76,140,228,18,19,7541,8287,5227,5147,2078,2797,22,16,98,169,8,7,108,151,5320,5278,2130,2874,55,61,136,223,16,15,362,322,322,268,11,25,8,7,3,4,1,2,17,16,338,283,20,31,16,15,4,5,2,4
050,17,163,Illinois,St. Clair County,6,9,17137,8128,9009,5549,5598,2295,3031,42,40,133,198,12,9,97,133,5632,5710,2336,3097,83,86,166,250,14,16,7771,8705,5247,5335,2275,3016,30,29,124,191,11,9,84,125,5319,5440,2312,3076,64,73,153,242,13,16,357,304,302,263,20,15,12,11,9,7,1,0,13,8,313,270,24,21,19,13,13,8,1,0
050,17,163,Illinois,St. Clair County,6,10,18291,8841,9450,6309,6254,2342,2900,27,28,94,165,9,8,60,95,6359,6335,2363,2941,56,76,116,194,14,15,8593,9198,6090,6045,2329,2887,21,21,93,159,9,6,51,80,6134,6114,2348,2921,43,61,113,186,13,11,248,252,219,209,13,13,6,7,1,6,0,2,9,15,225,221,15,20,13,15,3,8,1,4
050,17,163,Illinois,St. Clair County,6,11,20202,9821,10381,7226,7153,2385,2922,43,21,83,180,6,14,78,91,7291,7228,2415,2960,86,78,110,205,13,17,9566,10179,7003,6984,2370,2901,34,17,81,176,6,13,72,88,7063,7056,2396,2939,74,71,107,201,13,16,255,202,223,169,15,21,9,4,2,4,0,1,6,3,228,172,19,21,12,7,3,4,0,1
050,17,163,Illinois,St. Clair County,6,12,19160,9121,10039,6737,7007,2197,2734,44,38,69,166,7,11,67,83,6794,7075,2218,2767,77,89,92,188,13,13,8933,9884,6579,6878,2184,2722,34,31,65,163,7,11,64,79,6633,6942,2205,2752,65,81,87,185,13,13,188,155,158,129,13,12,10,7,4,3,0,0,3,4,161,133,13,15,12,8,5,3,0,0
050,17,163,Illinois,St. Clair County,6,13,15186,7196,7990,5383,5554,1693,2188,22,22,50,176,5,4,43,46,5417,5589,1703,2206,47,45,64,192,10,12,7077,7861,5276,5442,1688,2178,17,20,50,172,4,4,42,45,5310,5476,1698,2196,42,43,63,187,8,12,119,129,107,112,5,10,5,2,0,4,1,0,1,1,107,113,5,10,5,2,1,5,2,0
050,17,163,Illinois,St. Clair County,6,14,11387,5388,5999,4089,4252,1209,1574,12,8,45,112,2,4,31,49,4114,4289,1215,1591,31,36,59,128,4,9,5295,5905,4010,4181,1203,1561,10,3,43,110,2,4,27,46,4031,4215,1209,1578,26,29,56,125,4,9,93,94,79,71,6,13,2,5,2,2,0,0,4,3,83,74,6,13,5,7,3,3,0,0
050,17,163,Illinois,St. Clair County,6,15,8085,3602,4483,2762,3262,769,1110,13,15,37,70,1,3,20,23,2777,3281,776,1120,25,27,42,75,2,5,3548,4416,2717,3206,763,1103,12,14,37,68,1,3,18,22,2731,3224,769,1112,23,26,41,73,2,5,54,67,45,56,6,7,1,1,0,2,0,0,2,1,46,57,7,8,2,1,1,2,0,0
050,17,163,Illinois,St. Clair County,6,16,6312,2611,3701,2059,2792,523,824,3,7,14,55,0,2,12,21,2068,2811,526,831,8,16,20,62,1,2,2574,3647,2026,2744,522,820,2,7,14,55,0,2,10,19,2034,2761,523,825,7,16,19,62,1,2,37,54,33,48,1,4,1,0,0,0,0,0,2,2,34,50,3,6,1,0,1,0,0,0
050,17,163,Illinois,St. Clair County,6,17,5187,1949,3238,1617,2484,308,699,3,2,12,39,0,1,9,13,1626,2496,310,705,7,9,13,42,2,2,1917,3193,1590,2445,304,693,3,2,12,39,0,1,8,13,1598,2457,306,699,7,9,13,42,1,2,32,45,27,39,4,6,0,0,0,0,0,0,1,0,28,39,4,6,0,0,0,0,1,0
050,17,163,Illinois,St. Clair County,6,18,5164,1661,3503,1366,2822,280,648,1,3,9,15,1,0,4,15,1368,2834,281,654,4,11,11,19,1,0,1635,3467,1341,2793,280,642,0,3,9,15,1,0,4,14,1343,2804,281,648,3,10,11,19,1,0,26,36,25,29,0,6,1,0,0,0,0,0,0,1,25,30,0,6,1,1,0,0,0,0
050,17,163,Illinois,St. Clair County,7,0,265729,128027,137702,86365,88326,36814,43513,424,436,1440,2197,142,132,2842,3098,88916,91089,38471,45342,1022,1178,2416,3247,267,251,122777,132730,81973,84233,36432,43124,282,308,1380,2119,127,109,2583,2837,84283,86760,37951,44814,776,950,2312,3118,234,211,5250,4972,4392,4093,382,389,142,128,60,78,15,23,259,261,4633,4329,520,528,246,228,104,129,33,40
050,17,163,Illinois,St. Clair County,7,1,16953,8701,8252,5017,4731,3023,2929,31,33,122,78,17,8,491,473,5477,5176,3346,3245,85,83,291,240,30,17,8173,7746,4621,4316,2969,2892,20,25,115,73,15,7,433,433,5027,4723,3255,3182,59,63,272,230,24,14,528,506,396,415,54,37,11,8,7,5,2,1,58,40,450,453,91,63,26,20,19,10,6,3
050,17,163,Illinois,St. Clair County,7,2,18161,9299,8862,5392,5136,3233,3108,32,21,128,111,12,8,502,478,5861,5581,3563,3421,87,76,299,281,30,17,8697,8300,4902,4673,3177,3074,19,10,122,99,10,5,467,439,5338,5082,3486,3365,64,51,287,261,25,13,602,562,490,463,56,34,13,11,6,12,2,3,35,39,523,499,77,56,23,25,12,20,5,4
050,17,163,Illinois,St. Clair County,7,3,18064,9205,8859,5418,5020,3256,3274,31,47,78,109,12,9,410,400,5798,5389,3518,3535,88,108,221,247,26,21,8704,8364,5001,4649,3219,3221,17,27,74,98,9,6,384,363,5356,4984,3467,3461,65,74,211,230,21,17,501,495,417,371,37,53,14,20,4,11,3,3,26,37,442,405,51,74,23,34,10,17,5,4
050,17,163,Illinois,St. Clair County,7,4,17313,8789,8524,5017,4810,3254,3229,31,38,104,92,6,6,377,349,5356,5134,3502,3459,102,99,218,196,18,16,8343,8122,4654,4486,3219,3190,21,26,99,89,6,6,344,325,4962,4787,3450,3409,79,79,206,189,17,14,446,402,363,324,35,39,10,12,5,3,0,0,33,24,394,347,52,50,23,20,12,7,1,2
050,17,163,Illinois,St. Clair County,7,5,17756,8943,8813,5281,4912,3281,3475,27,24,98,122,17,13,239,267,5492,5152,3421,3638,82,92,176,210,28,21,8490,8355,4916,4526,3243,3445,16,14,88,117,16,10,211,243,5101,4743,3370,3598,58,70,162,199,25,18,453,458,365,386,38,30,11,10,10,5,1,3,28,24,391,409,51,40,24,22,14,11,3,3
050,17,163,Illinois,St. Clair County,7,6,17242,8408,8834,5582,5382,2500,3085,30,24,137,129,13,10,146,204,5711,5556,2577,3203,61,71,191,207,19,22,7976,8452,5218,5073,2467,3050,13,17,131,125,11,6,136,181,5338,5230,2538,3157,39,57,185,196,17,14,432,382,364,309,33,35,17,7,6,4,2,4,10,23,373,326,39,46,22,14,6,11,2,8
050,17,163,Illinois,St. Clair County,7,7,17479,8406,9073,5913,5757,2220,2919,19,28,119,190,14,8,121,171,6017,5908,2282,3014,51,75,169,254,20,17,7999,8653,5553,5399,2200,2891,8,17,115,186,12,6,111,154,5647,5537,2256,2977,35,54,164,247,18,13,407,420,360,358,20,28,11,11,4,4,2,2,10,17,370,371,26,37,16,21,5,7,2,4
050,17,163,Illinois,St. Clair County,7,8,16663,8007,8656,5724,5532,2026,2758,32,31,103,157,8,13,114,165,5819,5673,2082,2841,64,85,146,216,15,23,7586,8311,5345,5245,2012,2737,23,23,100,154,8,9,98,143,5425,5367,2061,2807,48,68,141,208,14,16,421,345,379,287,14,21,9,8,3,3,0,4,16,22,394,306,21,34,16,17,5,8,1,7
050,17,163,Illinois,St. Clair County,7,9,16910,8044,8866,5495,5493,2269,2978,42,44,118,202,9,9,111,140,5587,5611,2322,3048,84,92,161,257,12,15,7682,8560,5185,5235,2248,2961,31,29,113,193,7,9,98,133,5267,5347,2294,3027,64,75,155,246,10,15,362,306,310,258,21,17,11,15,5,9,2,0,13,7,320,264,28,21,20,17,6,11,2,0
050,17,163,Illinois,St. Clair County,7,10,17424,8427,8997,5942,5876,2281,2829,24,26,109,168,11,7,60,91,5992,5950,2306,2869,51,67,128,195,18,14,8173,8748,5722,5664,2263,2816,20,20,107,162,11,6,50,80,5762,5728,2282,2851,41,55,124,188,16,12,254,249,220,212,18,13,4,6,2,6,0,1,10,11,230,222,24,18,10,12,4,7,2,2
050,17,163,Illinois,St. Clair County,7,11,20003,9669,10334,7117,7080,2363,2955,33,18,77,173,6,13,73,95,7180,7157,2388,2990,72,73,102,204,10,19,9426,10107,6906,6888,2345,2935,25,15,76,171,6,11,68,87,6964,6957,2370,2968,61,68,100,199,9,16,243,227,211,192,18,20,8,3,1,2,0,2,5,8,216,200,18,22,11,5,2,5,1,3
050,17,163,Illinois,St. Clair County,7,12,19212,9157,10055,6796,7030,2185,2722,33,37,63,167,8,14,72,85,6855,7094,2211,2756,70,84,89,194,13,19,8942,9887,6616,6891,2171,2708,22,31,58,162,8,14,67,81,6671,6951,2196,2741,55,76,83,188,13,19,215,168,180,139,14,14,11,6,5,5,0,0,5,4,184,143,15,15,15,8,6,6,0,0
050,17,163,Illinois,St. Clair County,7,13,15801,7444,8357,5560,5808,1753,2288,22,28,60,172,4,2,45,59,5592,5853,1765,2315,47,63,74,188,12,6,7312,8219,5443,5689,1746,2278,16,23,60,169,3,2,44,58,5474,5733,1758,2304,41,58,74,185,10,6,132,138,117,119,7,10,6,5,0,3,1,0,1,1,118,120,7,11,6,5,0,3,2,0
050,17,163,Illinois,St. Clair County,7,14,11891,5609,6282,4261,4412,1251,1680,14,8,48,134,2,5,33,43,4287,4444,1259,1699,30,37,60,144,7,9,5513,6185,4179,4336,1246,1667,11,4,46,130,2,5,29,43,4202,4368,1252,1686,25,33,57,140,7,9,96,97,82,76,5,13,3,4,2,4,0,0,4,0,85,76,7,13,5,4,3,4,0,0
050,17,163,Illinois,St. Clair County,7,15,8239,3715,4524,2831,3298,807,1108,14,14,40,73,2,3,21,28,2849,3322,812,1115,26,31,47,81,3,5,3652,4450,2776,3237,802,1100,13,12,40,71,2,3,19,27,2792,3260,806,1106,24,28,47,79,3,5,63,74,55,61,5,8,1,2,0,2,0,0,2,1,57,62,6,9,2,3,0,2,0,0
050,17,163,Illinois,St. Clair County,7,16,6269,2602,3667,2052,2750,515,826,5,10,16,56,0,3,14,22,2063,2766,518,832,11,20,21,64,3,7,2565,3610,2020,2699,512,822,4,10,16,56,0,3,13,20,2030,2713,515,826,9,20,21,64,3,7,37,57,32,51,3,4,1,0,0,0,0,0,1,2,33,53,3,6,2,0,0,0,0,0
050,17,163,Illinois,St. Clair County,7,17,5102,1925,3177,1573,2444,330,681,2,1,11,42,0,0,9,9,1582,2452,331,685,6,6,14,43,1,1,1896,3134,1550,2407,326,675,2,1,11,42,0,0,7,9,1557,2415,327,679,5,6,14,43,0,1,29,43,23,37,4,6,0,0,0,0,0,0,2,0,25,37,4,6,1,0,0,0,1,0
050,17,163,Illinois,St. Clair County,7,18,5247,1677,3570,1394,2855,267,669,2,4,9,22,1,1,4,19,1398,2871,268,677,5,16,9,26,2,2,1648,3527,1366,2820,267,662,1,4,9,22,1,1,4,18,1370,2835,268,670,4,15,9,26,2,2,29,43,28,35,0,7,1,0,0,0,0,0,0,1,28,36,0,7,1,1,0,0,0,0
